Tanggal,Nama Pelanggan,Harga,Status,Status Pembayaran,Tipe Perjalanan,Length,Recency,Frequency,Monetary
2020-01-20,BOo,0.10576923076923077,DEAL,LUNAS,Drop,1.0,0.24120956399437413,0.012987012987012988,0.013874066168623266
2020-01-21,PSa,0.39743589743589747,DEAL,LUNAS,PP,0.9992967651195499,0.13361462728551338,0.12987012987012989,0.2291376734258271
2020-01-22,GRs,0.09615384615384616,DEAL,LUNAS,Drop,0.9985935302390998,0.13572433192686356,0.03896103896103896,0.0535752401280683
2020-01-27,SKa,0.4230769230769231,DEAL,LUNAS,PP,0.9950773558368495,0.13502109704641352,0.06493506493506493,0.087940234791889
2020-01-28,YCn,0.09615384615384616,DEAL,LUNAS,Drop,0.9943741209563994,0.0,1.0000000000000002,0.7625592315901815
2020-02-06,ILP,0.26282051282051283,DEAL,LUNAS,PP,0.9880450070323488,1.0,0.0,0.017502668089647812
2020-02-11,PKa,0.16025641025641027,DEAL,LUNAS,PP,0.9845288326300984,0.03938115330520394,0.05194805194805195,0.05940021344717182
2020-02-11,IAs,0.07692307692307693,DEAL,LUNAS,PP,0.9845288326300984,0.37060478199718705,0.025974025974025972,0.035218783351120594
2020-02-12,SGG,0.16346153846153846,DEAL,LUNAS,PP,0.9838255977496484,0.9957805907172996,0.0,0.010885805763073639
2020-02-12,PGa,0.16666666666666669,DEAL,LUNAS,PP,0.9838255977496484,0.048523206751054856,0.03896103896103896,0.09794236926360726
2020-02-14,TDO,0.06410256410256411,DEAL,LUNAS,PP,0.9824191279887482,0.052039381153305204,0.05194805194805195,0.03564567769477055
2020-02-28,STI,0.16025641025641027,DEAL,LUNAS,PP,0.9725738396624473,0.9845288326300985,0.012987012987012988,0.021344717182497332
2020-03-03,YCa,0.15384615384615385,DEAL,LUNAS,Drop,0.969760900140647,0.10267229254571027,0.09090909090909091,0.08409818569903948
2020-03-03,ISn,0.34615384615384615,DEAL,LUNAS,PP,0.969760900140647,0.12447257383966245,0.15584415584415584,0.2215581643543223
2020-03-04,IMa,0.11538461538461539,DEAL,LUNAS,PP,0.9690576652601969,0.06188466947960619,0.2077922077922078,0.18527214514407683
2020-03-05,PCP,0.14743589743589744,DEAL,LUNAS,PP,0.9683544303797468,0.980309423347398,0.0,0.009818569903948773
2020-03-07,BTs,0.19230769230769232,DEAL,LUNAS,PP,0.9669479606188467,0.3649789029535865,0.03896103896103896,0.04610458911419424
2020-03-08,BTr,0.0,DEAL,LUNAS,Drop,0.9662447257383966,0.9781997187060478,0.0,0.0
2020-03-13,IEr,0.3525641025641026,DEAL,LUNAS,PP,0.9627285513361462,0.9746835443037974,0.0,0.023479188900747065
2020-03-23,BAn,0.14102564102564102,DEAL,LUNAS,Drop,0.9556962025316456,0.0021097046413502112,0.2207792207792208,0.1543223052294557
2020-05-07,BFy,0.12820512820512822,DEAL,LUNAS,Drop,0.9240506329113923,0.08157524613220817,0.012987012987012988,0.02198505869797225
2020-05-10,BKy,0.1185897435897436,DEAL,LUNAS,Drop,0.9219409282700421,0.41350210970464135,0.012987012987012988,0.015795090715048025
2020-05-29,BB),0.01282051282051282,DEAL,LUNAS,PP,0.9085794655414908,0.1490857946554149,0.03896103896103896,0.016435432230522944
2020-05-31,BAo,0.1185897435897436,DEAL,LUNAS,Drop,0.9071729957805907,0.052039381153305204,0.15584415584415584,0.1561067235859125
2020-07-27,BMD,0.1346153846153846,DEAL,LUNAS,PP,0.8670886075949367,0.02461322081575246,0.012987012987012988,0.016435432230522944
2020-09-23,ATl,0.01282051282051282,DEAL,LUNAS,PP,0.8263009845288326,0.01687763713080169,0.5974025974025975,0.6042262540021345
2020-10-05,BPo,0.14743589743589744,DEAL,LUNAS,PP,0.8178621659634318,0.011954992967651196,0.06493506493506493,0.07214514407684099
2020-10-13,ISd,0.30128205128205127,DEAL,LUNAS,PP,0.8122362869198312,0.12236286919831224,0.1168831168831169,0.16606189967982923
2020-10-15,BUR,0.24358974358974358,DEAL,LUNAS,Drop,0.8108298171589311,0.8227848101265823,0.0,0.01622198505869797
2020-10-26,A(),0.14102564102564102,DEAL,LUNAS,PP,0.8030942334739802,0.11392405063291139,0.09090909090909091,0.096051227321238
2020-10-28,BAi,0.25,DEAL,LUNAS,PP,0.8016877637130801,0.02039381153305204,0.2207792207792208,0.2448239060832444
2020-11-01,BMd,0.14102564102564102,DEAL,LUNAS,PP,0.7988748241912799,0.06821378340365682,0.07792207792207792,0.07940234791889007
2020-11-03,ILy,0.25641025641025644,DEAL,LUNAS,PP,0.7974683544303798,0.15752461322081576,0.03896103896103896,0.050373532550693705
2020-11-06,ISa,0.14743589743589744,DEAL,LUNAS,PP,0.7953586497890295,0.11884669479606189,0.18181818181818182,0.1496264674493063
2020-11-13,BAa,0.16666666666666669,DEAL,LUNAS,PP,0.790436005625879,0.06540084388185655,0.5844155844155845,0.5741942369263607
2020-11-26,BSo,0.11217948717948718,DEAL,LUNAS,PP,0.7812939521800281,0.035161744022503515,0.25974025974025977,0.29967982924226255
2020-11-28,BDi,0.14743589743589744,DEAL,LUNAS,PP,0.779887482419128,0.03867791842475387,0.05194805194805195,0.03287086446104589
2020-11-29,BAS,0.07051282051282051,DEAL,LUNAS,Drop,0.7791842475386779,0.012658227848101266,0.48051948051948057,0.7675560298826041
2020-11-29,BSe,0.1185897435897436,DEAL,LUNAS,Drop,0.7791842475386779,0.7911392405063291,0.012987012987012988,0.015795090715048025
2020-11-30,Lks,0.00641025641025641,DEAL,LUNAS,PP,0.7784810126582278,0.23136427566807313,0.07792207792207792,0.027107790821771612
2020-12-01,BDa,0.14743589743589744,DEAL,LUNAS,PP,0.7777777777777778,0.1638537271448664,0.09090909090909091,0.16776947705442902
2020-12-06,BDl,0.19871794871794873,DEAL,LUNAS,Drop,0.7742616033755274,0.7862165963431786,0.0,0.013233724653148345
2020-12-10,BDh,0.3525641025641026,DEAL,LUNAS,PP,0.7714486638537271,0.6645569620253164,0.12987012987012989,0.25827107790821774
2020-12-10,TMi,0.2692307692307692,DEAL,LUNAS,PP,0.7714486638537271,0.4648382559774965,0.012987012987012988,0.029028815368196372
2020-12-12,BBi,0.16025641025641027,DEAL,LUNAS,PP,0.7700421940928269,0.04430379746835443,0.1038961038961039,0.1402411953041622
2020-12-21,BNi,0.34615384615384615,DEAL,LUNAS,PP,0.7637130801687764,0.30450070323488043,0.03896103896103896,0.08922091782283885
2020-12-22,IEi,0.14743589743589744,DEAL,LUNAS,PP,0.7630098452883263,0.005625879043600563,0.27272727272727276,0.2736392742796158
2020-12-30,PY5,0.12179487179487179,DEAL,LUNAS,Drop,0.7573839662447257,0.38045007032348804,0.012987012987012988,0.013233724653148345
2021-01-29,BMn,0.14102564102564102,DEAL,LUNAS,PP,0.7362869198312236,0.035864978902953586,0.06493506493506493,0.056990394877267876
2021-02-08,IBy,0.30128205128205127,DEAL,LUNAS,PP,0.7292545710267229,0.7412095639943741,0.0,0.02006403415154749
2021-02-13,ISi,0.34615384615384615,DEAL,LUNAS,PP,0.7257383966244726,0.030239099859353025,0.5324675324675325,0.6322305229455709
2021-02-15,BBn,0.028846153846153848,DEAL,LUNAS,PP-6Jam,0.7243319268635724,0.20956399437412096,0.025974025974025972,0.031163287086446105
2021-02-20,HIs,0.06410256410256411,DEAL,LUNAS,PP,0.720815752461322,0.5035161744022504,0.12987012987012989,0.054215581643543224
2021-02-23,HSa,0.03173076923076923,DEAL,LUNAS,PP,0.7187060478199718,0.4542897327707454,0.15584415584415584,0.02838847385272145
2021-02-25,DWl,0.10897435897435898,DEAL,LUNAS,PP,0.7172995780590717,0.729254571026723,0.012987012987012988,0.016648879402347917
2021-03-01,PJm,0.10256410256410256,DEAL,LUNAS,PP,0.7144866385372715,0.24261603375527427,0.37662337662337664,0.38996798292422624
2021-03-02,YKS,0.00641025641025641,DEAL,LUNAS,PP,0.7137834036568214,0.027426160337552744,0.1168831168831169,0.08046958377801494
2021-03-09,TDh,0.14102564102564102,DEAL,LUNAS,PP,0.7088607594936709,0.2369901547116737,0.09090909090909091,0.08858057630736392
2021-03-12,PTi,0.13044871794871796,DEAL,LUNAS,Drop,0.7067510548523207,0.05485232067510549,0.025974025974025972,0.027404482390608324
2021-03-13,BHS,0.14743589743589744,DEAL,LUNAS,PP,0.7060478199718706,0.2721518987341772,0.03896103896103896,0.052508004268943434
2021-03-19,BVt,0.10897435897435898,DEAL,LUNAS,Drop,0.7018284106891701,0.670182841068917,0.012987012987012988,0.016648879402347917
2021-03-19,DPa,0.09615384615384616,DEAL,LUNAS,PP,0.7018284106891701,0.05907172995780591,0.9090909090909092,0.7327524951974386
2021-03-20,PTG,0.05128205128205128,DEAL,LUNAS,PP,0.7011251758087201,0.6603375527426161,0.025974025974025972,0.0096051227321238
2021-03-22,IAi,0.14102564102564102,DEAL,LUNAS,PP,0.6997187060478199,0.09915611814345991,0.06493506493506493,0.08922091782283885
2021-03-25,CSm,0.22435897435897437,DEAL,LUNAS,Drop,0.6976090014064698,0.189873417721519,0.025974025974025972,0.054429028815368194
2021-03-27,IJo,0.14102564102564102,DEAL,LUNAS,Drop,0.6962025316455696,0.04992967651195499,0.025974025974025972,0.05080042689434365
2021-03-27,BSd,0.14102564102564102,DEAL,LUNAS,PP,0.6962025316455696,0.7081575246132208,0.012987012987012988,0.01878335112059765
2021-03-29,BUS,0.009615384615384616,DEAL,LUNAS,PP,0.6947960618846695,0.7067510548523207,0.0,0.0006403415154749199
2021-03-30,KSa,0.14423076923076925,DEAL,LUNAS,PP,0.6940928270042194,0.26371308016877637,0.03896103896103896,0.0471718249733191
2021-04-06,IYa,0.14102564102564102,DEAL,LUNAS,Drop,0.6891701828410689,0.052039381153305204,0.18181818181818182,0.18612593383137674
2021-04-08,BWS,0.01282051282051282,DEAL,LUNAS,PP,0.6877637130801687,0.01617440225035162,0.1168831168831169,0.06040554962646745
2021-04-14,IPi,0.14102564102564102,DEAL,LUNAS,PP,0.6835443037974683,0.02461322081575246,0.1168831168831169,0.13127001067235858
2021-04-16,IUn,0.34615384615384615,DEAL,LUNAS,PP,0.6821378340365681,0.6940928270042194,0.012987012987012988,0.04610458911419424
2021-04-21,WBs,0.7051282051282052,DEAL,LUNAS,Drop,0.6786216596343179,0.20815752461322082,0.14285714285714285,0.42604055496264676
2021-04-23,BYs,0.05448717948717949,DEAL,LUNAS,PP-6Jam,0.6772151898734177,0.10126582278481013,0.12987012987012989,0.18335112059765207
2021-05-03,BWu,0.10897435897435898,DEAL,LUNAS,Drop,0.670182841068917,0.6821378340365682,0.0,0.007257203842049093
2021-05-08,BKi,0.10897435897435898,DEAL,LUNAS,PP,0.6666666666666666,0.19690576652601968,0.03896103896103896,0.030522945570971183
2021-05-17,BTo,0.30128205128205127,DEAL,LUNAS,PP,0.660337552742616,0.15752461322081576,0.06493506493506493,0.09455709711846318
2021-05-18,IIa,0.34615384615384615,DEAL,LUNAS,PP,0.659634317862166,0.10829817158931083,0.16883116883116883,0.16435432230522945
2021-05-18,BMo,0.16666666666666669,DEAL,LUNAS,PP,0.659634317862166,0.27004219409282704,0.03896103896103896,0.06744930629669157
2021-05-20,IHm,0.19871794871794873,DEAL,LUNAS,PP,0.6582278481012658,0.15963431786216598,0.012987012987012988,0.027107790821771612
2021-05-24,BIS,0.10897435897435898,DEAL,LUNAS,PP,0.6554149085794655,0.15963431786216598,0.07792207792207792,0.07214514407684099
2021-05-24,ISs,0.11217948717948718,DEAL,LUNAS,PP,0.6554149085794655,0.15471167369901548,0.03896103896103896,0.04994663820704376
2021-05-27,BJl,0.14743589743589744,DEAL,LUNAS,PP,0.6533052039381153,0.6652601969057665,0.0,0.009818569903948773
2021-05-29,IJy,0.16025641025641027,DEAL,LUNAS,PP,0.6518987341772151,0.6638537271448663,0.0,0.010672358591248666
2021-05-31,IAh,0.19871794871794873,DEAL,LUNAS,PP,0.650492264416315,0.08579465541490858,0.24675324675324678,0.2751334044823906
2021-05-31,IAa,0.2692307692307692,DEAL,LUNAS,PP,0.650492264416315,0.07383966244725738,0.18181818181818182,0.1688367129135539
2021-05-31,BUs,0.2692307692307692,DEAL,LUNAS,PP,0.650492264416315,0.047116736990154715,0.37662337662337664,0.3709711846318036
2021-06-02,PSs,0.14102564102564102,DEAL,LUNAS,Drop,0.6490857946554148,0.014767932489451477,0.05194805194805195,0.07577374599786553
2021-06-02,BSS,0.02564102564102564,DEAL,LUNAS,PP,0.6490857946554148,0.011251758087201125,0.4415584415584416,0.3792956243329776
2021-06-02,IDd,0.08012820512820513,DEAL,LUNAS,PP,0.6490857946554148,0.6610407876230661,0.0,0.005336179295624333
2021-06-03,ISh,0.26282051282051283,DEAL,LUNAS,PP,0.6483825597749648,0.1540084388185654,0.07792207792207792,0.09797225186766276
2021-06-03,D&m,0.2692307692307692,DEAL,LUNAS,PP,0.6483825597749648,0.07946554149085795,0.06493506493506493,0.05272145144076841
2021-06-03,INa,0.14743589743589744,DEAL,LUNAS,PP,0.6483825597749648,0.058368495077355836,0.07792207792207792,0.0736392742796158
2021-06-04,HTl,0.12179487179487179,DEAL,LUNAS,Drop,0.6476793248945147,0.659634317862166,0.012987012987012988,0.017502668089647812
2021-06-08,BMa,0.11217948717948718,DEAL,LUNAS,PP,0.6448663853727145,0.09915611814345991,0.07792207792207792,0.07812166488794023
2021-06-10,YPi,0.08653846153846154,DEAL,LUNAS,Drop,0.6434599156118144,0.048523206751054856,0.09090909090909091,0.07193169690501601
2021-06-14,IKh,0.1858974358974359,DEAL,LUNAS,PP,0.6406469760900141,0.11814345991561181,0.012987012987012988,0.025400213447171825
2021-06-14,BYS,0.00641025641025641,DEAL,LUNAS,PP,0.6406469760900141,0.17369901547116737,0.03896103896103896,0.01792956243329776
2021-06-15,GSa,0.08653846153846154,DEAL,LUNAS,Drop,0.639943741209564,0.10126582278481013,0.06493506493506493,0.051227321237993596
2021-06-18,IEa,0.26282051282051283,DEAL,LUNAS,PP,0.6378340365682138,0.08157524613220817,0.3246753246753247,0.3122881536819637
2021-07-08,SSa,0.7051282051282052,DEAL,LUNAS,Drop,0.6237693389592124,0.034458509142053444,0.7792207792207793,0.680042689434365
2021-07-22,BKS,0.01282051282051282,DEAL,LUNAS,PP,0.6139240506329113,0.0759493670886076,0.1168831168831169,0.040768409818569905
2021-07-23,BPS,0.009615384615384616,DEAL,LUNAS,PP,0.6132208157524613,0.07524613220815753,0.16883116883116883,0.20426894343649946
2021-08-02,P a,0.08974358974358974,DEAL,LUNAS,PP,0.6061884669479606,0.6181434599156118,0.03896103896103896,0.02390608324439701
2021-08-05,BSi,0.010576923076923078,DEAL,LUNAS,PP,0.6040787623066104,0.05063291139240506,0.24675324675324678,0.16448239060832442
2021-08-16,PS.,0.09871794871794871,DEAL,LUNAS,PP,0.5963431786216596,0.6082981715893109,0.14285714285714285,0.07889007470651013
2021-08-18,PAB,0.11987179487179488,DEAL,LUNAS,Drop,0.5949367088607594,0.030239099859353025,0.1168831168831169,0.05627321237993597
2021-09-09,PCa,0.1794871794871795,DEAL,LUNAS,Drop,0.5794655414908579,0.05485232067510549,0.24675324675324678,0.12572038420490927
2021-09-10,BIm,0.10897435897435898,DEAL,LUNAS,Drop,0.5787623066104078,0.4641350210970464,0.012987012987012988,0.01792956243329776
2021-09-14,MCg,0.1346153846153846,DEAL,LUNAS,Drop,0.5759493670886076,0.5879043600562588,0.012987012987012988,0.01792956243329776
2021-09-17,IDi,0.2371794871794872,DEAL,LUNAS,PP,0.5738396624472574,0.007032348804500703,0.1168831168831169,0.09007470651013874
2021-09-21,LKS,0.0,DEAL,LUNAS,PP,0.5710267229254571,0.10267229254571027,0.05194805194805195,0.0021344717182497333
2021-09-22,BPH,0.11217948717948718,DEAL,LUNAS,PP,0.570323488045007,0.5822784810126582,0.0,0.007470651013874066
2021-09-27,RTr,0.038461538461538464,DEAL,LUNAS,PP,0.5668073136427566,0.08368495077355836,0.14285714285714285,0.1400213447171825
2021-09-28,STa,0.14743589743589744,DEAL,LUNAS,PP,0.5661040787623066,0.15471167369901548,0.025974025974025972,0.02838847385272145
2021-09-29,BDS,0.00641025641025641,DEAL,LUNAS,PP,0.5654008438818565,0.04571026722925457,0.1038961038961039,0.0695837780149413
2021-10-02,IWy,0.07051282051282051,DEAL,LUNAS,PP,0.5632911392405063,0.44022503516174405,0.025974025974025972,0.02689434364994664
2021-10-05,BLS,0.01282051282051282,DEAL,LUNAS,PP,0.561181434599156,0.2876230661040788,0.025974025974025972,0.0029882604055496264
2021-10-06,IYi,0.14102564102564102,DEAL,LUNAS,PP,0.560478199718706,0.035864978902953586,0.2077922077922078,0.30096051227321235
2021-10-07,BYg,0.7307051282051282,DEAL,LUNAS,PP,0.559774964838256,0.36146272855133615,0.012987012987012988,0.07854429028815368
2021-10-11,TWa,0.12179487179487179,DEAL,LUNAS,Drop,0.5569620253164557,0.5689170182841069,0.0,0.008110992529348986
2021-10-11,KSt,0.11538461538461539,DEAL,LUNAS,PP,0.5569620253164557,0.5689170182841069,0.0,0.00768409818569904
2021-10-12,BDr,0.2884615384615385,DEAL,LUNAS,PP,0.5562587904360056,0.5618846694796062,0.025974025974025972,0.04695837780149413
2021-10-18,BKn,0.11217948717948718,DEAL,LUNAS,PP,0.5520393811533052,0.26371308016877637,0.03896103896103896,0.043543223052294557
2021-10-25,IWi,0.14102564102564102,DEAL,LUNAS,PP,0.5471167369901547,0.05907172995780591,0.33766233766233766,0.3272145144076841
2021-10-26,ILi,0.14102564102564102,DEAL,LUNAS,PP,0.5464135021097046,0.20815752461322082,0.09090909090909091,0.0823906083244397
2021-10-26,ICh,0.10897435897435898,DEAL,LUNAS,PP,0.5464135021097046,0.5583684950773559,0.0,0.007257203842049093
2021-10-27,BTS,0.02564102564102564,DEAL,LUNAS,PP,0.5457102672292545,0.22925457102672292,0.07792207792207792,0.02198505869797225
2021-10-27,PBa,0.11987179487179488,DEAL,LUNAS,PP,0.5457102672292545,0.03867791842475387,0.07792207792207792,0.1264674493062967
2021-10-27,BBo,0.10897435897435898,DEAL,LUNAS,PP,0.5457102672292545,0.06118143459915612,0.4675324675324676,0.415581643543223
2021-10-28,CCu,0.14102564102564102,DEAL,LUNAS,PP,0.5450070323488044,0.5569620253164557,0.0,0.009391675560298825
2021-11-01,ITy,0.11217948717948718,DEAL,LUNAS,PP,0.5421940928270041,0.12728551336146274,0.03896103896103896,0.059978655282817504
2021-11-02,BRS,0.06410256410256411,DEAL,LUNAS,PP,0.5414908579465542,0.28551336146272854,0.2077922077922078,0.17395944503735325
2021-11-04,PMa,0.12179487179487179,DEAL,LUNAS,Drop,0.540084388185654,0.1420534458509142,0.012987012987012988,0.01664034151547492
2021-11-05,BWy,0.12179487179487179,DEAL,LUNAS,Drop,0.5393811533052039,0.5513361462728551,0.012987012987012988,0.01622198505869797
2021-11-05,SSs,0.08974358974358974,DEAL,LUNAS,PP-6Jam,0.5393811533052039,0.046413502109704644,0.36363636363636365,0.2911419423692636
2021-11-12,DTS,0.14102564102564102,DEAL,LUNAS,Drop,0.5344585091420534,0.27355836849507736,0.05194805194805195,0.06029028815368196
2021-11-12,SRa,0.10256410256410256,DEAL,LUNAS,Drop,0.5344585091420534,0.5464135021097046,0.012987012987012988,0.013660618996798293
2021-11-15,IEg,0.16025641025641027,DEAL,LUNAS,PP,0.5323488045007032,0.23417721518987342,0.05194805194805195,0.07001067235859125
2021-11-17,PDA,0.15384615384615385,DEAL,LUNAS,PP,0.530942334739803,0.5428973277074542,0.0,0.010245464247598719
2021-11-17,FJM,0.14102564102564102,DEAL,LUNAS,PP,0.530942334739803,0.5428973277074542,0.0,0.009391675560298825
2021-11-18,SK3,0.2371794871794872,DEAL,LUNAS,PP,0.530239099859353,0.25035161744022505,0.025974025974025972,0.03415154749199573
2021-11-19,PDa,0.5833333333333334,DEAL,LUNAS,PP,0.5295358649789029,0.3270042194092827,0.025974025974025972,0.07342582710779082
2021-11-20,IIr,0.12179487179487179,DEAL,LUNAS,PP,0.5288326300984528,0.5407876230661041,0.0,0.008110992529348986
2021-11-22,DPi,0.032051282051282055,DEAL,LUNAS,Drop,0.5274261603375527,0.539381153305204,0.03896103896103896,0.010672358591248666
2021-11-22,ICa,0.21153846153846154,DEAL,LUNAS,PP,0.5274261603375527,0.14978902953586498,0.03896103896103896,0.04994663820704376
2021-11-23,BWs,0.1794871794871795,DEAL,LUNAS,PP,0.5267229254571026,0.30450070323488043,0.03896103896103896,0.04994663820704376
2021-11-24,DBo,0.2948717948717949,DEAL,LUNAS,PP,0.5260196905766525,0.01687763713080169,0.012987012987012988,0.045699039487726786
2021-11-25,ILu,0.06410256410256411,DEAL,LUNAS,PP,0.5253164556962026,0.5372714486638538,0.0,0.004268943436499467
2021-11-26,ILa,0.2948717948717949,DEAL,LUNAS,PP,0.5246132208157525,0.0808720112517581,0.25974025974025977,0.2038420490928495
2021-11-26,IYy,0.14102564102564102,DEAL,LUNAS,PP,0.5246132208157525,0.2489451476793249,0.012987012987012988,0.014941302027748132
2021-11-29,HIr,0.1346153846153846,DEAL,LUNAS,PP,0.5225035161744023,0.5344585091420535,0.15584415584415584,0.10949839914621132
2021-11-29,BSa,0.16025641025641027,DEAL,LUNAS,PP,0.5225035161744023,0.22151898734177217,0.03896103896103896,0.06488794023479189
2021-11-29,PWa,0.16025641025641027,DEAL,LUNAS,PP,0.5225035161744023,0.05977496483825598,0.19480519480519481,0.18932764140875133
2021-11-30,BGa,0.07692307692307693,DEAL,LUNAS,PP,0.5218002812939522,0.5337552742616034,0.0,0.005122732123799359
2021-12-01,WSa,0.21153846153846154,DEAL,LUNAS,PP,0.5210970464135021,0.1160337552742616,0.025974025974025972,0.04439701173959445
2021-12-03,GAz,0.02564102564102564,DEAL,LUNAS,PP,0.519690576652602,0.03234880450070324,0.12987012987012989,0.0823906083244397
2021-12-06,BNa,0.3269230769230769,DEAL,LUNAS,PP,0.5175808720112517,0.5295358649789029,0.0,0.021771611526147278
2021-12-08,BCS,0.02564102564102564,DEAL,LUNAS,PP,0.5161744022503516,0.5281293952180028,0.0,0.0017075773745997866
2021-12-10,IPn,0.16666666666666669,DEAL,LUNAS,PP,0.5147679324894514,0.16033755274261605,0.012987012987012988,0.027321237993596585
2021-12-11,BHk,0.1185897435897436,DEAL,LUNAS,PP,0.5140646976090014,0.5260196905766527,0.0,0.007897545357524013
2021-12-11,INr,0.07051282051282051,DEAL,LUNAS,PP,0.5140646976090014,0.04360056258790436,0.06493506493506493,0.04695837780149413
2021-12-13,BRa,0.20512820512820512,DEAL,LUNAS,PP,0.5126582278481012,0.06118143459915612,0.05194805194805195,0.04631803628601921
2021-12-13,BBy,0.16025641025641027,DEAL,LUNAS,PP,0.5126582278481012,0.5084388185654009,0.012987012987012988,0.02390608324439701
2021-12-14,IAg,0.035256410256410256,DEAL,LUNAS,PP,0.5119549929676511,0.1589310829817159,0.025974025974025972,0.03180362860192103
2021-12-17,ILn,0.1794871794871795,DEAL,LUNAS,PP,0.5098452883263009,0.12517580872011252,0.012987012987012988,0.03073639274279616
2021-12-20,BHm,0.16666666666666669,DEAL,LUNAS,PP,0.5077355836849508,0.10407876230661041,0.025974025974025972,0.025400213447171825
2021-12-24,BBg,0.3717948717948718,DEAL,LUNAS,PP,0.5049226441631505,0.5168776371308017,0.0,0.024759871931696906
2021-12-30,MUa,0.19230769230769232,DEAL,LUNAS,PP,0.50070323488045,0.3080168776371308,0.012987012987012988,0.03628601921024546
2022-01-03,SRZ,0.16025641025641027,DEAL,LUNAS,Drop,0.49789029535864987,0.509845288326301,0.0,0.010672358591248666
2022-01-05,BGr,0.2884615384615385,DEAL,LUNAS,PP,0.4964838255977497,0.5084388185654009,0.0,0.0192102454642476
2022-01-05,IMi,0.16025641025641027,DEAL,LUNAS,PP,0.4964838255977497,0.1371308016877637,0.1168831168831169,0.14941302027748132
2022-01-07,IIo,0.27564102564102566,DEAL,LUNAS,PP,0.4950773558368496,0.28270042194092826,0.1038961038961039,0.14300960512273211
2022-01-07,PIa,0.16025641025641027,DEAL,LUNAS,PP,0.4950773558368496,0.25316455696202533,0.012987012987012988,0.016435432230522944
2022-01-10,BRn,0.16025641025641027,DEAL,LUNAS,PP,0.4929676511954993,0.21167369901547117,0.06493506493506493,0.08303094983991462
2022-01-10,PSo,0.032051282051282055,DEAL,LUNAS,PP,0.4929676511954993,0.5049226441631505,0.0,0.0021344717182497333
2022-01-10,IRi,0.16666666666666669,DEAL,LUNAS,PP,0.4929676511954993,0.07946554149085795,0.1038961038961039,0.10437566702241195
2022-01-11,ASr,0.07692307692307693,DEAL,LUNAS,PP,0.4922644163150493,0.2812939521800281,0.1168831168831169,0.07427961579509071
2022-01-11,CMa,0.21153846153846154,DEAL,LUNAS,PP,0.4922644163150493,0.30450070323488043,0.012987012987012988,0.035005336179295625
2022-01-13,BMS,0.16666666666666669,DEAL,LUNAS,PP,0.4908579465541491,0.09282700421940929,0.1038961038961039,0.049306296691568836
2022-01-15,CKS,0.04807692307692308,DEAL,LUNAS,PP,0.489451476793249,0.5014064697609002,0.0,0.0032017075773745998
2022-01-15,BTi,0.2948717948717949,DEAL,LUNAS,PP,0.489451476793249,0.09142053445850915,0.09090909090909091,0.14450373532550692
2022-01-17,IHn,0.16666666666666669,DEAL,LUNAS,PP,0.4880450070323488,0.0639943741209564,0.05194805194805195,0.07427961579509071
2022-01-18,IKs,0.16666666666666669,DEAL,LUNAS,PP,0.4873417721518988,0.49929676511954996,0.0,0.011099252934898612
2022-01-19,BWo,0.3269230769230769,DEAL,LUNAS,PP,0.4866385372714487,0.28973277074542897,0.03896103896103896,0.05165421558164354
2022-01-21,IRa,0.15384615384615385,DEAL,LUNAS,PP,0.48523206751054854,0.01969057665260197,0.24675324675324678,0.255709711846318
2022-01-21,PIe,0.14743589743589744,DEAL,LUNAS,PP,0.48523206751054854,0.3790436005625879,0.012987012987012988,0.02262540021344717
2022-01-24,ITo,0.21794871794871795,DEAL,LUNAS,PP,0.48312236286919835,0.49507735583684953,0.0,0.014514407684098186
2022-01-24,GKh,0.15384615384615385,DEAL,LUNAS,Drop,0.48312236286919835,0.49507735583684953,0.012987012987012988,0.020490928495197437
2022-01-25,TAs,0.16025641025641027,DEAL,LUNAS,PP,0.48241912798874825,0.49437412095639943,0.012987012987012988,0.018569903948772677
2022-01-25,IBi,0.1794871794871795,DEAL,LUNAS,PP,0.48241912798874825,0.4029535864978903,0.012987012987012988,0.02262540021344717
2022-01-25,BES,0.3717948717948718,DEAL,LUNAS,PP,0.48241912798874825,0.42053445850914206,0.012987012987012988,0.02646744930629669
2022-01-26,YCo,0.21794871794871795,DEAL,LUNAS,PP,0.4817158931082982,0.4936708860759494,0.0,0.014514407684098186
2022-01-27,IHy,0.16666666666666669,DEAL,LUNAS,PP,0.4810126582278481,0.47538677918424754,0.05194805194805195,0.05549626467449306
2022-01-28,INn,0.16666666666666669,DEAL,LUNAS,PP,0.48030942334739807,0.16455696202531647,0.025974025974025972,0.05101387406616862
2022-01-28,ILk,0.12179487179487179,DEAL,LUNAS,PP,0.48030942334739807,0.21308016877637131,0.05194805194805195,0.09220917822838848
2022-02-02,OKS,0.009615384615384616,DEAL,LUNAS,PP-6Jam,0.4767932489451477,0.41139240506329117,0.012987012987012988,0.0014941302027748132
2022-02-03,BSh,0.16666666666666669,DEAL,LUNAS,PP,0.47609001406469764,0.4880450070323488,0.012987012987012988,0.022198505869797224
2022-02-04,PKM,0.21794871794871795,DEAL,LUNAS,PP,0.47538677918424754,0.4873417721518987,0.0,0.014514407684098186
2022-02-08,SS1,0.125,DEAL,LUNAS,PP,0.47257383966244726,0.05907172995780591,0.5844155844155845,0.47278548559231587
2022-02-11,IAn,0.11217948717948718,DEAL,LUNAS,PP,0.4704641350210971,0.06891701828410689,0.16883116883116883,0.14599786552828176
2022-02-12,BPi,0.05128205128205128,DEAL,LUNAS,PP,0.469760900140647,0.1947960618846695,0.025974025974025972,0.023692636072572038
2022-02-12,MTl,0.3717948717948718,DEAL,LUNAS,PP,0.469760900140647,0.48171589310829815,0.0,0.024759871931696906
2022-02-17,CSi,0.1185897435897436,DEAL,LUNAS,PP,0.46624472573839665,0.4781997187060478,0.0,0.007897545357524013
2022-02-18,DPo,0.1346153846153846,DEAL,LUNAS,PP,0.4655414908579466,0.4774964838255978,0.0,0.00896478121664888
2022-02-19,IPo,0.16666666666666669,DEAL,LUNAS,PP,0.4648382559774965,0.3987341772151899,0.012987012987012988,0.022198505869797224
2022-02-22,IMd,0.16666666666666669,DEAL,LUNAS,PP,0.4627285513361463,0.4746835443037975,0.0,0.011099252934898612
2022-02-25,PAn,0.16025641025641027,DEAL,LUNAS,PP,0.4606188466947961,0.006329113924050633,0.012987012987012988,0.0192102454642476
2022-03-02,TTl,0.09935897435897437,DEAL,LUNAS,PP,0.45710267229254575,0.04008438818565401,0.5194805194805195,1.0
2022-03-04,INh,0.16666666666666669,DEAL,LUNAS,PP,0.4556962025316456,0.27355836849507736,0.05194805194805195,0.058057630736392744
2022-03-07,BWa,0.09935897435897437,DEAL,LUNAS,PP,0.45358649789029537,0.13220815752461323,0.03896103896103896,0.03415154749199573
2022-03-11,MTa,0.1185897435897436,DEAL,LUNAS,PP,0.4507735583684951,0.46272855133614627,0.0,0.007897545357524013
2022-03-17,BEo,0.08333333333333334,DEAL,LUNAS,Drop,0.44655414908579466,0.04219409282700422,0.28571428571428575,0.19445037353255068
2022-03-18,TMh,0.2948717948717949,DEAL,LUNAS,PP,0.4458509142053446,0.4578059071729958,0.0,0.019637139807897545
2022-03-19,BJu,0.08333333333333334,DEAL,LUNAS,PP,0.4451476793248945,0.4571026722925457,0.0,0.005549626467449306
2022-03-19,Dks,0.16025641025641027,DEAL,LUNAS,PP,0.4451476793248945,0.0014064697609001407,0.06493506493506493,0.06232657417289221
2022-03-21,ISo,0.16025641025641027,DEAL,LUNAS,PP,0.4437412095639944,0.06680731364275669,0.15584415584415584,0.183991462113127
2022-03-22,KX1,0.09615384615384616,DEAL,LUNAS,PP,0.44303797468354433,0.4549929676511955,0.0,0.0064034151547491995
2022-03-24,MHa,0.10897435897435898,DEAL,LUNAS,Drop,0.4416315049226442,0.45358649789029537,0.012987012987012988,0.01792956243329776
2022-03-24,GPn,0.12179487179487179,DEAL,LUNAS,Drop,0.4416315049226442,0.45358649789029537,0.0,0.008110992529348986
2022-03-24,TDs,0.16025641025641027,DEAL,LUNAS,PP,0.4416315049226442,0.45358649789029537,0.025974025974025972,0.032017075773746
2022-03-28,UPA,0.16025641025641027,DEAL,LUNAS,PP,0.4388185654008439,0.03234880450070324,0.18181818181818182,0.14124653148345784
2022-03-31,IHi,0.15384615384615385,DEAL,LUNAS,PP,0.4367088607594937,0.07172995780590717,0.06493506493506493,0.07620064034151547
2022-04-01,LIY,0.3717948717948718,DEAL,LUNAS,PP,0.4360056258790436,0.4479606188466948,0.0,0.024759871931696906
2022-04-05,IS),0.11538461538461539,DEAL,LUNAS,Drop,0.43319268635724334,0.17369901547116737,0.012987012987012988,0.017716115261472785
2022-04-11,TAh,0.1346153846153846,DEAL,LUNAS,PP,0.4289732770745429,0.04078762306610408,0.1168831168831169,0.15304162219850587
2022-04-11,PSI,0.08974358974358974,DEAL,LUNAS,PP,0.4289732770745429,0.4409282700421941,0.0,0.005976520811099253
2022-04-16,ILh,0.12179487179487179,DEAL,LUNAS,PP,0.4254571026722926,0.03375527426160338,0.012987012987012988,0.02198505869797225
2022-04-18,MBn,0.16025641025641027,DEAL,LUNAS,PP,0.42405063291139244,0.4360056258790436,0.0,0.010672358591248666
2022-04-20,MTe,0.04487179487179487,DEAL,LUNAS,PP,0.4226441631504923,0.4345991561181435,0.0,0.0029882604055496264
2022-04-21,OSs,0.16025641025641027,DEAL,LUNAS,Drop,0.4219409282700422,0.4338959212376934,0.0,0.010672358591248666
2022-04-21,PAa,0.1185897435897436,DEAL,LUNAS,Drop,0.4219409282700422,0.08368495077355836,0.06493506493506493,0.06646531483457845
2022-04-21,IHo,0.16666666666666669,DEAL,LUNAS,PP,0.4219409282700422,0.27355836849507736,0.012987012987012988,0.023692636072572038
2022-04-22,BMr,0.16025641025641027,DEAL,LUNAS,PP,0.42123769338959216,0.310126582278481,0.03896103896103896,0.04567769477054429
2022-04-22,BDn,0.16025641025641027,DEAL,LUNAS,PP,0.42123769338959216,0.3663853727144866,0.025974025974025972,0.025400213447171825
2022-04-23,LKy,0.07692307692307693,DEAL,LUNAS,PP,0.42053445850914206,0.43248945147679324,0.0,0.005122732123799359
2022-04-23,PPa,0.16025641025641027,DEAL,LUNAS,PP,0.42053445850914206,0.1209563994374121,0.06493506493506493,0.0751334044823906
2022-04-23,KEl,0.15384615384615385,DEAL,LUNAS,drop,0.42053445850914206,0.43248945147679324,0.0,0.010245464247598719
2022-04-23,TSa,0.1185897435897436,DEAL,LUNAS,PP,0.42053445850914206,0.026019690576652602,0.1168831168831169,0.08837566702241195
2022-04-25,ILs,0.21153846153846154,DEAL,LUNAS,PP,0.4191279887482419,0.4310829817158931,0.0,0.014087513340448238
2022-05-06,BBS,0.01282051282051282,DEAL,LUNAS,PP,0.41139240506329117,0.42334739803094235,0.0,0.0008537886872998933
2022-05-06,IID,0.16025641025641027,DEAL,LUNAS,PP,0.41139240506329117,0.42334739803094235,0.0,0.010672358591248666
2022-05-06,JKS,0.01282051282051282,DEAL,LUNAS,PP,0.41139240506329117,0.42334739803094235,0.0,0.0008537886872998933
2022-05-09,BDo,0.07692307692307693,DEAL,LUNAS,PP,0.4092827004219409,0.034458509142053444,0.09090909090909091,0.10309498399146211
2022-05-10,LKa,0.12820512820512822,DEAL,LUNAS,PP,0.4085794655414909,0.42053445850914206,0.0,0.008537886872998933
2022-05-12,GSJS,0.16025641025641027,DEAL,LUNAS,PP,0.40717299578059074,0.389592123769339,0.012987012987012988,0.010672358591248666
2022-05-12,ICy,0.12820512820512822,DEAL,LUNAS,PP,0.40717299578059074,0.15752461322081576,0.025974025974025972,0.022198505869797224
2022-05-12,PHk,0.16025641025641027,DEAL,LUNAS,Drop,0.40717299578059074,0.1849507735583685,0.012987012987012988,0.022411953041622197
2022-05-13,ITk,0.11538461538461539,DEAL,LUNAS,PP,0.4064697609001407,0.04922644163150492,0.06493506493506493,0.09775880469583778
2022-05-14,BT),0.17307692307692307,DEAL,LUNAS,Drop,0.4057665260196906,0.4177215189873418,0.0,0.01152614727854856
2022-05-17,KPA,0.21794871794871795,DEAL,LUNAS,PP,0.4036568213783404,0.4156118143459916,0.0,0.014514407684098186
2022-05-18,SPa,0.16025641025641027,DEAL,LUNAS,PP,0.4029535864978903,0.16526019690576652,0.05194805194805195,0.05549626467449306
2022-05-18,BWr,0.28205128205128205,DEAL,LUNAS,PP,0.4029535864978903,0.4149085794655415,0.0,0.01878335112059765
2022-05-19,TTi,0.16025641025641027,DEAL,LUNAS,PP,0.40225035161744027,0.41420534458509145,0.0,0.010672358591248666
2022-05-20,LMo,0.12179487179487179,DEAL,LUNAS,PP,0.4015471167369902,0.41350210970464135,0.0,0.008110992529348986
2022-05-20,BTy,0.16666666666666669,DEAL,LUNAS,PP,0.4015471167369902,0.41350210970464135,0.0,0.011099252934898612
2022-05-21,BTa,0.5128205128205129,DEAL,LUNAS,Drop,0.40084388185654013,0.11111111111111112,0.1038961038961039,0.19188900747065102
2022-05-21,SJ2,0.16025641025641027,DEAL,LUNAS,PP,0.40084388185654013,0.4127988748241913,0.0,0.010672358591248666
2022-05-23,PKn,0.16025641025641027,DEAL,LUNAS,PP,0.39943741209564,0.41139240506329117,0.03896103896103896,0.042689434364994665
2022-05-23,MMi,0.2948717948717949,DEAL,LUNAS,PP,0.39943741209564,0.41139240506329117,0.012987012987012988,0.03415154749199573
2022-05-24,BPC,0.15384615384615385,DEAL,LUNAS,PP,0.3987341772151899,0.3340365682137834,0.025974025974025972,0.03457844183564568
2022-05-25,WRi,0.22435897435897437,DEAL,LUNAS,PP,0.39803094233473985,0.409985935302391,0.0,0.014941302027748132
2022-05-25,TBa,0.16025641025641027,DEAL,LUNAS,PP,0.39803094233473985,0.40436005625879046,0.012987012987012988,0.021344717182497332
2022-05-25,S a,0.16025641025641027,DEAL,LUNAS,PP,0.39803094233473985,0.4057665260196906,0.012987012987012988,0.021344717182497332
2022-05-25,MDa,0.16666666666666669,DEAL,LUNAS,PP,0.39803094233473985,0.15471167369901548,0.012987012987012988,0.02070437566702241
2022-05-27,BHi,0.17307692307692307,DEAL,LUNAS,PP,0.3966244725738397,0.053445850914205346,0.09090909090909091,0.13703308431163286
2022-05-27,IRo,0.16666666666666669,DEAL,LUNAS,PP,0.3966244725738397,0.4085794655414909,0.0,0.011099252934898612
2022-05-28,DVn,0.39743589743589747,DEAL,LUNAS,PP,0.3959212376933896,0.1729957805907173,0.025974025974025972,0.054215581643543224
2022-05-28,IHa,0.1794871794871795,DEAL,LUNAS,PP,0.3959212376933896,0.08368495077355836,0.025974025974025972,0.02689434364994664
2022-05-31,MTs,0.04487179487179487,DEAL,LUNAS,PP,0.3938115330520394,0.4057665260196906,0.06493506493506493,0.02305229455709712
2022-05-31,BWg,0.16025641025641027,DEAL,LUNAS,PP,0.3938115330520394,0.34177215189873417,0.025974025974025972,0.03415154749199573
2022-05-31,IEm,0.21794871794871795,DEAL,LUNAS,PP,0.3938115330520394,0.4057665260196906,0.0,0.014514407684098186
2022-06-02,RUR,0.1346153846153846,DEAL,LUNAS,PP,0.3924050632911393,0.1371308016877637,0.48051948051948057,0.6203479188900747
2022-06-02,ITa,0.1346153846153846,DEAL,LUNAS,PP,0.3924050632911393,0.030239099859353025,0.07792207792207792,0.09498399146211313
2022-06-02,SAa,0.2948717948717949,DEAL,LUNAS,PP,0.3924050632911393,0.07172995780590717,0.07792207792207792,0.08601921024546424
2022-06-03,PKp,0.19871794871794873,DEAL,LUNAS,Drop,0.3917018284106892,0.40365682137834036,0.09090909090909091,0.10586979722518676
2022-06-03,P3g,0.16025641025641027,DEAL,LUNAS,Drop,0.3917018284106892,0.10407876230661041,0.6753246753246753,0.6648879402347919
2022-06-03,DBn,0.16666666666666669,DEAL,LUNAS,Drop,0.3917018284106892,0.13572433192686356,0.28571428571428575,0.2791889007470651
2022-06-03,BCh,0.15384615384615385,DEAL,LUNAS,Drop,0.3917018284106892,0.23277074542897327,0.012987012987012988,0.02305229455709712
2022-06-03,BKg,0.12179487179487179,DEAL,LUNAS,PP,0.3917018284106892,0.40365682137834036,0.0,0.008110992529348986
2022-06-04,YWo,0.32051282051282054,DEAL,LUNAS,Drop,0.39099859353023914,0.4029535864978903,0.0,0.021344717182497332
2022-06-04,GJn,0.16025641025641027,DEAL,LUNAS,PP,0.39099859353023914,0.4029535864978903,0.0,0.010672358591248666
2022-06-04,BAm,0.16025641025641027,DEAL,LUNAS,PP,0.39099859353023914,0.2109704641350211,0.012987012987012988,0.03180362860192103
2022-06-04,BYo,0.2948717948717949,DEAL,LUNAS,PP,0.39099859353023914,0.07876230661040788,0.05194805194805195,0.08537886872998933
2022-06-04,IDo,0.16666666666666669,DEAL,LUNAS,PP,0.39099859353023914,0.4029535864978903,0.012987012987012988,0.022198505869797224
2022-06-04,BLg,0.1185897435897436,DEAL,LUNAS,PP,0.39099859353023914,0.4029535864978903,0.0,0.007897545357524013
2022-06-06,BRt,0.3717948717948718,DEAL,LUNAS,PP,0.389592123769339,0.2651195499296765,0.07792207792207792,0.09669156883671291
2022-06-07,BHo,0.3717948717948718,DEAL,LUNAS,PP,0.3888888888888889,0.034458509142053444,0.1038961038961039,0.18911419423692635
2022-06-07,HUS,0.1346153846153846,DEAL,LUNAS,PP,0.3888888888888889,0.4008438818565401,0.0,0.00896478121664888
2022-06-07,LSs,0.3717948717948718,DEAL,LUNAS,PP,0.3888888888888889,0.17862165963431786,0.012987012987012988,0.04418356456776948
2022-06-07,LPa,0.2884615384615385,DEAL,LUNAS,Drop,0.3888888888888889,0.10407876230661041,0.06493506493506493,0.08687299893276414
2022-06-08,S2l,0.16666666666666669,DEAL,LUNAS,PP,0.38818565400843885,0.40014064697609003,0.025974025974025972,0.033297758804695834
2022-06-08,BRs,0.12179487179487179,DEAL,LUNAS,PP,0.38818565400843885,0.40014064697609003,0.0,0.008110992529348986
2022-06-08,MRe,0.5384615384615384,DEAL,LUNAS,Drop,0.38818565400843885,0.40014064697609003,0.0,0.03585912486659552
2022-06-09,BTn,0.1346153846153846,DEAL,LUNAS,PP,0.38748241912798875,0.39943741209563993,0.0,0.00896478121664888
2022-06-09,LPs,0.3269230769230769,DEAL,LUNAS,PP,0.38748241912798875,0.06329113924050633,0.025974025974025972,0.06275346851654215
2022-06-09,BNr,0.16666666666666669,DEAL,LUNAS,PP,0.38748241912798875,0.11814345991561181,0.012987012987012988,0.02454642475987193
2022-06-09,ICn,0.08333333333333334,DEAL,LUNAS,PP,0.38748241912798875,0.24261603375527427,0.03896103896103896,0.021558164354322305
2022-06-09,SDh,0.2948717948717949,DEAL,LUNAS,PP,0.38748241912798875,0.39943741209563993,0.0,0.019637139807897545
2022-06-09,BIl,0.16666666666666669,DEAL,LUNAS,PP,0.38748241912798875,0.39943741209563993,0.0,0.011099252934898612
2022-06-09,PPN,0.16025641025641027,DEAL,LUNAS,PP,0.38748241912798875,0.39943741209563993,0.0,0.010672358591248666
2022-06-10,JRa,0.2948717948717949,DEAL,LUNAS,PP,0.3867791842475387,0.3987341772151899,0.0,0.019637139807897545
2022-06-16,BWi,0.3717948717948718,DEAL,LUNAS,PP,0.3825597749648383,0.1540084388185654,0.012987012987012988,0.03863393810032017
2022-06-20,BHn,0.16025641025641027,DEAL,LUNAS,Drop,0.379746835443038,0.16033755274261605,0.1168831168831169,0.13148345784418355
2022-06-21,FMa,0.16025641025641027,DEAL,LUNAS,PP,0.3790436005625879,0.3909985935302391,0.05194805194805195,0.053361792956243326
2022-06-21,PCl,0.2403846153846154,DEAL,LUNAS,PP,0.3790436005625879,0.3909985935302391,0.0,0.016008537886873
2022-06-21,BMs,0.09935897435897437,DEAL,LUNAS,PP,0.3790436005625879,0.24613220815752462,0.03896103896103896,0.04695837780149413
2022-06-21,ISk,0.16666666666666669,DEAL,LUNAS,PP,0.3790436005625879,0.3909985935302391,0.0,0.011099252934898612
2022-06-23,FTN,0.0,DEAL,LUNAS,PP-6Jam,0.3776371308016878,0.017580872011251757,0.03896103896103896,0.025400213447171825
2022-06-23,GSSJS,0.0,DEAL,LUNAS,PP-6Jam,0.3776371308016878,0.389592123769339,0.0,0.0
2022-06-25,IWa,0.11538461538461539,DEAL,LUNAS,PP,0.3762306610407877,0.1441631504922644,0.06493506493506493,0.0567769477054429
2022-06-25,R3i,0.08012820512820513,DEAL,LUNAS,PP,0.3762306610407877,0.38818565400843885,0.0,0.005336179295624333
2022-06-27,ILH,0.08012820512820513,DEAL,LUNAS,PP,0.37482419127988753,0.3867791842475387,0.0,0.005336179295624333
2022-06-27,CPs,0.16025641025641027,DEAL,LUNAS,PP,0.37482419127988753,0.3867791842475387,0.012987012987012988,0.021344717182497332
2022-06-28,KDn,0.16666666666666669,DEAL,LUNAS,PP,0.37412095639943743,0.3860759493670886,0.012987012987012988,0.022198505869797224
2022-06-28,BKo,0.2371794871794872,DEAL,LUNAS,PP,0.37412095639943743,0.047116736990154715,0.03896103896103896,0.0576307363927428
2022-06-29,INk,0.07692307692307693,DEAL,LUNAS,PP,0.3734177215189874,0.1209563994374121,0.06493506493506493,0.04439701173959445
2022-07-01,R1n,0.16666666666666669,DEAL,LUNAS,PP,0.37201125175808725,0.3839662447257384,0.012987012987012988,0.022198505869797224
2022-07-02,IYh,0.16025641025641027,DEAL,LUNAS,PP,0.37130801687763715,0.3832630098452883,0.012987012987012988,0.021344717182497332
2022-07-04,IYo,0.13141025641025642,DEAL,LUNAS,PP,0.369901547116737,0.2777777777777778,0.025974025974025972,0.03607257203842049
2022-07-06,IIh,0.125,DEAL,LUNAS,PP,0.36849507735583686,0.20745428973277075,0.012987012987012988,0.022198505869797224
2022-07-06,PWA,0.12179487179487179,DEAL,LUNAS,Drop,0.36849507735583686,0.14486638537271448,0.06493506493506493,0.06096478121664888
2022-07-07,BGg,0.0,DEAL,LUNAS,PP,0.3677918424753868,0.379746835443038,0.0,0.0
2022-07-07,PTh,0.3076923076923077,DEAL,LUNAS,PP,0.3677918424753868,0.379746835443038,0.0,0.020490928495197437
2022-07-07,LVr,0.1346153846153846,DEAL,LUNAS,PP,0.3677918424753868,0.379746835443038,0.012987012987012988,0.01792956243329776
2022-07-08,BNo,0.16025641025641027,DEAL,LUNAS,PP,0.3670886075949367,0.11322081575246132,0.05194805194805195,0.07257203842049093
2022-07-11,IDr,0.2948717948717949,DEAL,LUNAS,PP,0.36497890295358654,0.3769338959212377,0.0,0.019637139807897545
2022-07-11,IDa,0.1794871794871795,DEAL,LUNAS,PP,0.36497890295358654,0.12517580872011252,0.1038961038961039,0.12401280683030949
2022-07-11,ICR,0.125,DEAL,LUNAS,PP,0.36497890295358654,0.13502109704641352,0.025974025974025972,0.042689434364994665
2022-07-11,IEy,0.07692307692307693,DEAL,LUNAS,PP,0.36497890295358654,0.0014064697609001407,0.12987012987012989,0.13148345784418355
2022-07-11,ACy,0.2884615384615385,DEAL,LUNAS,PP,0.36497890295358654,0.047116736990154715,0.025974025974025972,0.06766275346851654
2022-07-11,GAn,0.16025641025641027,DEAL,LUNAS,PP,0.36497890295358654,0.09634317862165964,0.03896103896103896,0.03799359658484525
2022-07-12,GSi,0.13141025641025642,DEAL,LUNAS,PP,0.36427566807313644,0.03234880450070324,0.06493506493506493,0.08260405549626468
2022-07-13,BDP,0.19230769230769232,DEAL,LUNAS,PP,0.3635724331926864,0.3755274261603376,0.012987012987012988,0.025613660618996798
2022-07-15,BRo,0.38461538461538464,DEAL,LUNAS,PP,0.36216596343178625,0.139943741209564,0.05194805194805195,0.08110992529348986
2022-07-18,IJn,0.12820512820512822,DEAL,LUNAS,PP,0.360056258790436,0.14275668073136427,0.06493506493506493,0.04204909284951974
2022-07-18,UWA,0.15384615384615385,DEAL,LUNAS,drop,0.360056258790436,0.011954992967651196,0.2207792207792208,0.19626894343649948
2022-07-18,SS2,0.12820512820512822,DEAL,LUNAS,Drop,0.360056258790436,0.027426160337552744,0.09090909090909091,0.06830309498399147
2022-07-19,UHh,0.1858974358974359,DEAL,LUNAS,PP,0.35935302390998597,0.37130801687763715,0.012987012987012988,0.02305229455709712
2022-07-20,TKa,0.12820512820512822,DEAL,LUNAS,PP,0.35864978902953587,0.12517580872011252,0.012987012987012988,0.022411953041622197
2022-07-22,ATr,0.06410256410256411,DEAL,LUNAS,PP,0.35724331926863573,0.35232067510548526,0.012987012987012988,0.020490928495197437
2022-07-22,BSl,0.1858974358974359,DEAL,LUNAS,PP,0.35724331926863573,0.30028129395218,0.05194805194805195,0.06488794023479189
2022-07-22,KRi,0.2948717948717949,DEAL,LUNAS,PP,0.35724331926863573,0.3691983122362869,0.0,0.019637139807897545
2022-07-22,SP5,0.12820512820512822,DEAL,LUNAS,Drop,0.35724331926863573,0.2580872011251758,0.06493506493506493,0.05464247598719317
2022-07-22,SP2,0.12820512820512822,DEAL,LUNAS,Drop,0.35724331926863573,0.029535864978902954,0.15584415584415584,0.1385272145144077
2022-07-22,SP1,0.12820512820512822,DEAL,LUNAS,Drop,0.35724331926863573,0.08860759493670886,0.14285714285714285,0.08815368196371398
2022-07-22,SSo,0.4230769230769231,DEAL,LUNAS,PP,0.35724331926863573,0.06188466947960619,0.1038961038961039,0.087940234791889
2022-07-22,SP3,0.12820512820512822,DEAL,LUNAS,Drop,0.35724331926863573,0.03164556962025317,0.06493506493506493,0.0783351120597652
2022-07-25,BUi,0.125,DEAL,LUNAS,PP,0.35513361462728554,0.3670886075949367,0.0,0.008324439701173959
2022-07-26,DKa,0.2153846153846154,DEAL,LUNAS,PP,0.35443037974683544,0.3663853727144866,0.0,0.014343649946638207
2022-07-26,NLh,0.12179487179487179,DEAL,LUNAS,PP,0.35443037974683544,0.3663853727144866,0.0,0.008110992529348986
2022-07-27,BJy,0.08333333333333334,DEAL,LUNAS,Drop,0.3537271448663854,0.15049226441631505,0.03896103896103896,0.020917822838847386
2022-07-28,DAa,0.12179487179487179,DEAL,LUNAS,Drop,0.3530239099859353,0.3649789029535865,0.012987012987012988,0.010032017075773746
2022-07-28,BHa,0.06410256410256411,DEAL,LUNAS,PP,0.3530239099859353,0.22433192686357245,0.025974025974025972,0.028175026680896477
2022-07-29,IGa,0.10576923076923077,DEAL,LUNAS,PP,0.35232067510548526,0.08157524613220817,0.012987012987012988,0.011953041622198506
2022-08-01,SJr,0.125,DEAL,LUNAS,PP,0.350210970464135,0.3621659634317862,0.0,0.008324439701173959
2022-08-01,BYr,0.19230769230769232,DEAL,LUNAS,PP,0.350210970464135,0.3621659634317862,0.0,0.012806830309498399
2022-08-02,S55,0.19230769230769232,DEAL,LUNAS,PP,0.349507735583685,0.36146272855133615,0.0,0.012806830309498399
2022-08-03,LMi,0.1826923076923077,DEAL,LUNAS,Drop,0.3488045007032349,0.36075949367088606,0.0,0.012166488794023479
2022-08-05,WRs,0.06410256410256411,DEAL,LUNAS,PP,0.3473980309423348,0.35935302390998597,0.0,0.004268943436499467
2022-08-06,SKn,0.14102564102564102,DEAL,LUNAS,PP,0.3466947960618847,0.35864978902953587,0.0,0.009391675560298825
2022-08-08,SKi,0.16025641025641027,DEAL,LUNAS,DROP,0.34528832630098455,0.11533052039381153,0.09090909090909091,0.08388473852721451
2022-08-08,IKo,0.41025641025641024,DEAL,LUNAS,PP,0.34528832630098455,0.052039381153305204,0.012987012987012988,0.04034151547491996
2022-08-09,BMi,0.3141025641025641,DEAL,LUNAS,PP,0.3445850914205345,0.0042194092827004225,0.06493506493506493,0.10117395944503735
2022-08-09,ITg,0.07692307692307693,DEAL,LUNAS,PP,0.3445850914205345,0.3565400843881857,0.0,0.005122732123799359
2022-08-09,IFh,0.16025641025641027,DEAL,LUNAS,Drop,0.3445850914205345,0.3565400843881857,0.0,0.010672358591248666
2022-08-11,BYi,0.1858974358974359,DEAL,LUNAS,PP,0.34317862165963436,0.3270042194092827,0.025974025974025972,0.03607257203842049
2022-08-15,INo,0.06410256410256411,DEAL,LUNAS,PP,0.3403656821378341,0.29324894514767935,0.012987012987012988,0.012806830309498399
2022-08-16,IBg,0.12179487179487179,DEAL,LUNAS,PP,0.339662447257384,0.07665260196905767,0.05194805194805195,0.056350053361792954
2022-08-18,VEr,0.16025641025641027,DEAL,LUNAS,PP,0.33825597749648384,0.350210970464135,0.06493506493506493,0.064034151547492
2022-08-18,MMs,0.38461538461538464,DEAL,LUNAS,PP,0.33825597749648384,0.350210970464135,0.0,0.025613660618996798
2022-08-18,WYa,0.3141025641025641,DEAL,LUNAS,PP,0.33825597749648384,0.350210970464135,0.0,0.020917822838847386
2022-08-18,BIn,0.07692307692307693,DEAL,LUNAS,PP,0.33825597749648384,0.19971870604781997,0.025974025974025972,0.03159018143009605
2022-08-18,SSS,0.16025641025641027,DEAL,LUNAS,Drop,0.33825597749648384,0.10407876230661041,0.2077922077922078,0.12102454642475988
2022-08-22,IGg,0.0,DEAL,LUNAS,Drop,0.33544303797468356,0.2559774964838256,0.012987012987012988,0.011099252934898612
2022-08-23,BRh,0.07051282051282051,DEAL,LUNAS,PP,0.3347398030942335,0.08438818565400844,0.025974025974025972,0.03159018143009605
2022-08-23,SUi,0.07051282051282051,DEAL,LUNAS,PP,0.3347398030942335,0.25035161744022505,0.07792207792207792,0.04183564567769477
2022-08-24,IMk,0.16666666666666669,DEAL,LUNAS,PP,0.3340365682137834,0.3459915611814346,0.0,0.011099252934898612
2022-08-24,PHE,0.1858974358974359,DEAL,LUNAS,Drop,0.3340365682137834,0.3459915611814346,0.025974025974025972,0.037139807897545354
2022-08-25,CAA,0.10544871794871795,DEAL,LUNAS,PP,0.33333333333333337,0.34528832630098455,0.0,0.007022411953041622
2022-08-25,PMr,0.30128205128205127,DEAL,LUNAS,PP,0.33333333333333337,0.34528832630098455,0.012987012987012988,0.046531483457844185
2022-08-25,RVg,0.125,DEAL,LUNAS,PP,0.33333333333333337,0.20464135021097046,0.05194805194805195,0.09541088580576307
2022-08-26,OGz,0.10576923076923077,DEAL,LUNAS,PP,0.33263009845288327,0.2967651195499297,0.012987012987012988,0.012379935965848453
2022-08-26,SP4,0.07371794871794872,DEAL,LUNAS,PP,0.33263009845288327,0.14275668073136427,0.05194805194805195,0.03607257203842049
2022-08-29,F/D,0.1858974358974359,DEAL,LUNAS,PP,0.3305203938115331,0.34247538677918427,0.0,0.012379935965848453
2022-08-29,PRi,0.1858974358974359,DEAL,LUNAS,PP,0.3305203938115331,0.14978902953586498,0.012987012987012988,0.021771611526147278
2022-08-30,BFx,0.4230769230769231,DEAL,LUNAS,PP,0.329817158931083,0.34177215189873417,0.0,0.028175026680896477
2022-08-31,BAs,0.1955128205128205,DEAL,LUNAS,PP,0.32911392405063294,0.15049226441631505,0.03896103896103896,0.05293489861259338
2022-08-31,BFt,0.1794871794871795,DEAL,LUNAS,PP,0.32911392405063294,0.3410689170182841,0.0,0.011953041622198506
2022-08-31,IRn,0.19230769230769232,DEAL,LUNAS,PP,0.32911392405063294,0.3410689170182841,0.0,0.012806830309498399
2022-09-02,DPc,0.1794871794871795,DEAL,LUNAS,PP,0.3277074542897328,0.339662447257384,0.0,0.011953041622198506
2022-09-03,IFy,0.08333333333333334,DEAL,LUNAS,PP,0.3270042194092827,0.07172995780590717,0.025974025974025972,0.030096051227321237
2022-09-03,BF2,0.44871794871794873,DEAL,LUNAS,PP,0.3270042194092827,0.3389592123769339,0.0,0.029882604055496264
2022-09-03,GHY,0.1762820512820513,DEAL,LUNAS,PP,0.3270042194092827,0.0042194092827004225,0.012987012987012988,0.022198505869797224
2022-09-05,KCa,0.4551282051282051,DEAL,LUNAS,PP,0.32559774964838256,0.33755274261603374,0.0,0.03030949839914621
2022-09-06,SLB,0.1826923076923077,DEAL,LUNAS,PP,0.3248945147679325,0.3368495077355837,0.025974025974025972,0.03649946638207044
2022-09-09,BLn,0.20833333333333334,DEAL,LUNAS,PP,0.3227848101265823,0.33473980309423346,0.0,0.013874066168623266
2022-09-09,LTi,0.14743589743589744,DEAL,LUNAS,PP,0.3227848101265823,0.33473980309423346,0.0,0.009818569903948773
2022-09-10,ITn,0.20192307692307693,DEAL,LUNAS,PP,0.32208157524613223,0.3340365682137834,0.0,0.01344717182497332
2022-09-12,S19,0.20192307692307693,DEAL,LUNAS,PP,0.3206751054852321,0.33263009845288327,0.07792207792207792,0.09156883671291355
2022-09-13,IM),0.07051282051282051,DEAL,LUNAS,PP,0.319971870604782,0.3319268635724332,0.03896103896103896,0.01878335112059765
2022-09-14,IIi,0.28205128205128205,DEAL,LUNAS,PP,0.31926863572433195,0.0710267229254571,0.07792207792207792,0.08900747065101387
2022-09-15,PK7,0.1955128205128205,DEAL,LUNAS,PP,0.31856540084388185,0.33052039381153303,0.0,0.013020277481323372
2022-09-19,BAr,0.13782051282051283,DEAL,LUNAS,PP,0.3157524613220816,0.26722925457102675,0.025974025974025972,0.03351120597652081
2022-09-19,IKn,0.1955128205128205,DEAL,LUNAS,PP,0.3157524613220816,0.3277074542897328,0.0,0.013020277481323372
2022-09-19,BJo,0.35512820512820514,DEAL,LUNAS,PP,0.3157524613220816,0.3277074542897328,0.012987012987012988,0.04729989327641409
2022-09-19,PCs,0.38461538461538464,DEAL,LUNAS,PP,0.3157524613220816,0.3277074542897328,0.0,0.025613660618996798
2022-09-19,IPu,0.45833333333333337,DEAL,LUNAS,PP,0.3157524613220816,0.3277074542897328,0.012987012987012988,0.053148345784418356
2022-09-20,GSs,0.483974358974359,DEAL,LUNAS,PP,0.3150492264416315,0.005625879043600563,0.4545454545454546,0.23137673425827107
2022-09-20,TBe,0.19230769230769232,DEAL,LUNAS,Drop,0.3150492264416315,0.3270042194092827,0.0,0.012806830309498399
2022-09-20,IBr,0.20192307692307693,DEAL,LUNAS,PP,0.3150492264416315,0.3073136427566807,0.012987012987012988,0.016648879402347917
2022-09-21,PMs,0.20192307692307693,DEAL,LUNAS,PP,0.3143459915611815,0.32630098452883266,0.0,0.01344717182497332
2022-09-22,BQo,0.3044871794871795,DEAL,LUNAS,PP,0.3136427566807314,0.32559774964838256,0.025974025974025972,0.06168623265741729
2022-09-23,GRi,0.08333333333333334,DEAL,LUNAS,PP,0.31293952180028134,0.06891701828410689,0.07792207792207792,0.06937033084311633
2022-09-24,LPi,0.576923076923077,DEAL,LUNAS,PP,0.31223628691983124,0.15963431786216598,0.025974025974025972,0.09733191035218783
2022-09-24,SSi,0.20192307692307693,DEAL,LUNAS,PP,0.31223628691983124,0.3241912798874824,0.025974025974025972,0.03607257203842049
2022-09-27,PEa,0.25641025641025644,DEAL,LUNAS,PP,0.31012658227848106,0.32208157524613223,0.0,0.017075773745997867
2022-09-27,IOg,0.38461538461538464,DEAL,LUNAS,PP,0.31012658227848106,0.19690576652601968,0.03896103896103896,0.08986125933831376
2022-09-27,BWf,0.07051282051282051,DEAL,LUNAS,PP,0.31012658227848106,0.32208157524613223,0.0,0.0046958377801494125
2022-09-29,MSy,0.1346153846153846,DEAL,LUNAS,PP,0.3087201125175809,0.3206751054852321,0.012987012987012988,0.022411953041622197
2022-09-29,BRi,0.20512820512820512,DEAL,LUNAS,PP,0.3087201125175809,0.07172995780590717,0.03896103896103896,0.05101387406616862
2022-09-30,SM4,0.3782051282051282,DEAL,LUNAS,PP,0.3080168776371308,0.319971870604782,0.025974025974025972,0.07556029882604055
2022-09-30,GSh,0.20192307692307693,DEAL,LUNAS,Drop,0.3080168776371308,0.319971870604782,0.0,0.01344717182497332
2022-10-03,STr,0.1918269230769231,DEAL,LUNAS,PP,0.30590717299578063,0.051336146272855133,0.2077922077922078,0.14383137673425828
2022-10-03,PRn,0.1955128205128205,DEAL,LUNAS,PP,0.30590717299578063,0.0710267229254571,0.03896103896103896,0.07235859124866595
2022-10-03,PSe,0.1955128205128205,DEAL,LUNAS,PP,0.30590717299578063,0.3178621659634318,0.0,0.013020277481323372
2022-10-04,SCt,0.13782051282051283,DEAL,LUNAS,drop,0.30520393811533053,0.04992967651195499,0.3116883116883117,0.24183564567769478
2022-10-05,BFz,0.20833333333333334,DEAL,LUNAS,PP,0.3045007032348805,0.31645569620253167,0.0,0.013874066168623266
2022-10-05,WMk,0.20833333333333334,DEAL,LUNAS,PP,0.3045007032348805,0.31645569620253167,0.0,0.013874066168623266
2022-10-05,DFA,0.1891025641025641,DEAL,LUNAS,PP,0.3045007032348805,0.31645569620253167,0.0,0.012593383137673426
2022-10-06,IDk,0.5,DEAL,LUNAS,PP,0.3037974683544304,0.31575246132208157,0.0,0.033297758804695834
2022-10-10,KAI,0.11217948717948718,DEAL,LUNAS,PP,0.3009845288326301,0.3129395218002813,0.0,0.007470651013874066
2022-10-11,IIg,0.483974358974359,DEAL,LUNAS,PP,0.30028129395218006,0.31223628691983124,0.0,0.03223052294557097
2022-10-11,IBo,0.21794871794871795,DEAL,LUNAS,PP,0.30028129395218006,0.31223628691983124,0.0,0.014514407684098186
2022-10-12,IKi,0.3044871794871795,DEAL,LUNAS,PP,0.29957805907172996,0.14978902953586498,0.05194805194805195,0.07043756670224119
2022-10-13,IYg,0.08653846153846154,DEAL,LUNAS,PP,0.2988748241912799,0.3108298171589311,0.0,0.00576307363927428
2022-10-15,IWL,0.14743589743589744,DEAL,LUNAS,PP,0.2974683544303798,0.30942334739803096,0.0,0.009818569903948773
2022-10-15,BTk,0.20833333333333334,DEAL,LUNAS,PP,0.2974683544303798,0.24824191279887484,0.025974025974025972,0.035005336179295625
2022-10-18,SAs,0.12820512820512822,DEAL,LUNAS,Drop,0.29535864978902954,0.09071729957805907,0.012987012987012988,0.01814300960512273
2022-10-19,TMg,0.1762820512820513,DEAL,LUNAS,PP,0.2946554149085795,0.3066104078762307,0.0,0.011739594450373533
2022-10-19,GSo,0.1762820512820513,DEAL,LUNAS,Drop,0.2946554149085795,0.3066104078762307,0.012987012987012988,0.023479188900747065
2022-10-21,PUa,0.3782051282051282,DEAL,LUNAS,PP,0.29324894514767935,0.30520393811533053,0.0,0.025186766275346852
2022-10-21,H(),0.04807692307692308,DEAL,LUNAS,PP,0.29324894514767935,0.0189873417721519,0.03896103896103896,0.023265741728922092
2022-10-24,KTr,0.1955128205128205,DEAL,LUNAS,PP,0.2911392405063291,0.2510548523206751,0.012987012987012988,0.024759871931696906
2022-10-24,IYm,0.2692307692307692,DEAL,LUNAS,PP,0.2911392405063291,0.3030942334739803,0.0,0.01792956243329776
2022-10-26,UPi,1.0,DEAL,LUNAS,PP,0.28973277074542897,0.30168776371308015,0.0,0.06659551760939167
2022-10-27,GUf,0.12820512820512822,DEAL,LUNAS,Drop,0.2890295358649789,0.11954992967651196,0.012987012987012988,0.013660618996798293
2022-10-28,TTS,0.1762820512820513,DEAL,LUNAS,PP,0.2883263009845288,0.30028129395218,0.0,0.011739594450373533
2022-10-31,PRU,0.13782051282051283,DEAL,LUNAS,Drop,0.28621659634317864,0.2981715893108298,0.0,0.009178228388473852
2022-11-01,PGk,0.21794871794871795,DEAL,LUNAS,PP,0.2855133614627286,0.1589310829817159,0.012987012987012988,0.02262540021344717
2022-11-01,PP),0.20192307692307693,DEAL,LUNAS,PP,0.2855133614627286,0.2974683544303798,0.012987012987012988,0.02689434364994664
2022-11-01,PBI,0.3782051282051282,DEAL,LUNAS,PP,0.2855133614627286,0.2974683544303798,0.012987012987012988,0.04226254002134472
2022-11-03,IGo,0.1346153846153846,DEAL,LUNAS,PP,0.28410689170182846,0.02250351617440225,0.05194805194805195,0.043543223052294557
2022-11-03,SSp,0.13782051282051283,DEAL,LUNAS,Drop,0.28410689170182846,0.29606188466947964,0.0,0.009178228388473852
2022-11-03,BIa,0.10576923076923077,DEAL,LUNAS,Drop,0.28410689170182846,0.10337552742616034,0.07792207792207792,0.08687299893276414
2022-11-03,PHa,0.1826923076923077,DEAL,LUNAS,Drop,0.28410689170182846,0.23839662447257384,0.025974025974025972,0.04034151547491996
2022-11-04,IYk,0.21794871794871795,DEAL,LUNAS,PP,0.28340365682137836,0.25316455696202533,0.012987012987012988,0.027107790821771612
2022-11-04,GIF,0.08974358974358974,DEAL,LUNAS,PP,0.28340365682137836,0.29535864978902954,0.0,0.005976520811099253
2022-11-04,ICe,0.17307692307692307,DEAL,LUNAS,PP,0.28340365682137836,0.1962025316455696,0.012987012987012988,0.02113127001067236
2022-11-05,PRo,0.20833333333333334,DEAL,LUNAS,PP,0.2827004219409283,0.2946554149085795,0.025974025974025972,0.0416221985058698
2022-11-05,BPr,0.10897435897435898,DEAL,LUNAS,PP,0.2827004219409283,0.10618846694796062,0.05194805194805195,0.055069370330843116
2022-11-07,BMl,0.20833333333333334,DEAL,LUNAS,PP,0.2812939521800282,0.29324894514767935,0.0,0.013874066168623266
2022-11-08,BMP,0.21153846153846154,DEAL,LUNAS,PP,0.2805907172995781,0.29254571026722925,0.0,0.014087513340448238
2022-11-08,LYs,0.44871794871794873,DEAL,LUNAS,PP,0.2805907172995781,0.29254571026722925,0.0,0.029882604055496264
2022-11-09,CNa,0.1891025641025641,DEAL,LUNAS,PP,0.27988748241912803,0.2918424753867792,0.0,0.012593383137673426
2022-11-10,S22,0.20192307692307693,DEAL,LUNAS,PP,0.27918424753867793,0.21378340365682139,0.07792207792207792,0.14791889007470652
2022-11-11,CKi,0.20192307692307693,DEAL,LUNAS,PP,0.2784810126582279,0.29043600562587907,0.0,0.01344717182497332
2022-11-11,TLa,0.4358974358974359,DEAL,LUNAS,Drop,0.2784810126582279,0.29043600562587907,0.0,0.029028815368196372
2022-11-12,BEa,0.3525641025641026,DEAL,LUNAS,PP,0.2777777777777778,0.28973277074542897,0.0,0.023479188900747065
2022-11-14,IMh,0.41025641025641024,DEAL,LUNAS,PP,0.27637130801687765,0.15260196905766527,0.025974025974025972,0.06787620064034151
2022-11-15,UDa,0.1826923076923077,DEAL,LUNAS,Drop,0.2756680731364276,0.2876230661040788,0.012987012987012988,0.024332977588046957
2022-11-15,PGs,0.09294871794871795,DEAL,LUNAS,PP-6Jam,0.2756680731364276,0.2770745428973277,0.012987012987012988,0.009178228388473852
2022-11-17,PIJ,0.1826923076923077,DEAL,LUNAS,Drop,0.27426160337552746,0.28621659634317864,0.012987012987012988,0.024332977588046957
2022-11-18,PPA,0.10576923076923077,DEAL,LUNAS,PP,0.27355836849507736,0.07946554149085795,0.1038961038961039,0.07876200640341516
2022-11-18,S44,0.1762820512820513,DEAL,LUNAS,PP,0.27355836849507736,0.22362869198312238,0.03896103896103896,0.04781216648879402
2022-11-18,DDn,0.14423076923076925,DEAL,LUNAS,PP,0.27355836849507736,0.28551336146272854,0.0,0.0096051227321238
2022-11-18,PTa,0.1891025641025641,DEAL,LUNAS,PP,0.27355836849507736,0.28551336146272854,0.0,0.012593383137673426
2022-11-19,TRi,0.20833333333333334,DEAL,LUNAS,PP,0.2728551336146273,0.19338959212376935,0.025974025974025972,0.03991462113127001
2022-11-21,BGi,0.10576923076923077,DEAL,LUNAS,Drop,0.2714486638537272,0.28340365682137836,0.0,0.007043756670224119
2022-11-22,BAh,0.20833333333333334,DEAL,LUNAS,PP,0.2707454289732771,0.007735583684950774,0.03896103896103896,0.06339381003201708
2022-11-22,BAy,0.20833333333333334,DEAL,LUNAS,PP,0.2707454289732771,0.28270042194092826,0.025974025974025972,0.04418356456776948
2022-11-23,P B,0.20278846153846156,DEAL,LUNAS,PP,0.27004219409282704,0.2749648382559775,0.03896103896103896,0.050973319103521875
2022-11-23,PP0,0.08653846153846154,DEAL,LUNAS,PP,0.27004219409282704,0.2819971870604782,0.0,0.00576307363927428
2022-11-24,SPA,0.20192307692307693,DEAL,LUNAS,PP,0.26933895921237694,0.2812939521800281,0.0,0.01344717182497332
2022-11-24,BFo,0.20833333333333334,DEAL,LUNAS,Drop,0.26933895921237694,0.090014064697609,0.012987012987012988,0.02774813233724653
2022-11-25,EWa,0.3782051282051282,DEAL,LUNAS,PP,0.2686357243319269,0.07946554149085795,0.05194805194805195,0.08708644610458911
2022-11-28,PAR,0.1955128205128205,DEAL,LUNAS,PP,0.26652601969057665,0.27848101265822783,0.0,0.013020277481323372
2022-11-28,IAr,0.12179487179487179,DEAL,LUNAS,PP,0.26652601969057665,0.01617440225035162,0.025974025974025972,0.025186766275346852
2022-11-29,SOa,0.483974358974359,DEAL,LUNAS,PP,0.2658227848101266,0.14767932489451477,0.025974025974025972,0.09861259338313767
2022-11-29,PAs,0.1826923076923077,DEAL,LUNAS,PP,0.2658227848101266,0.030239099859353025,0.025974025974025972,0.03649946638207044
2022-11-30,PTl,0.1346153846153846,DEAL,LUNAS,PP,0.2651195499296765,0.2770745428973277,0.0,0.00896478121664888
2022-12-01,EMa,0.483974358974359,DEAL,LUNAS,PP,0.26441631504922647,0.27637130801687765,0.012987012987012988,0.06446104589114195
2022-12-02,UHa,0.20192307692307693,DEAL,LUNAS,PP,0.26371308016877637,0.27566807313642755,0.0,0.01344717182497332
2022-12-03,ITu,0.20192307692307693,DEAL,LUNAS,PP,0.2630098452883263,0.2749648382559775,0.0,0.01344717182497332
2022-12-05,IVi,0.40384615384615385,DEAL,LUNAS,PP,0.2616033755274262,0.27355836849507736,0.0,0.02689434364994664
2022-12-05,BGn,0.08974358974358974,DEAL,LUNAS,PP,0.2616033755274262,0.12939521800281295,0.012987012987012988,0.016862326574172894
2022-12-06,SAn,0.1891025641025641,DEAL,LUNAS,PP,0.2609001406469761,0.27285513361462727,0.012987012987012988,0.025186766275346852
2022-12-06,PDi,0.09294871794871795,DEAL,LUNAS,PP,0.2609001406469761,0.27285513361462727,0.0,0.006189967982924227
2022-12-07,ILA,0.1826923076923077,DEAL,LUNAS,Drop,0.26019690576652604,0.14767932489451477,0.03896103896103896,0.050373532550693705
2022-12-09,ITi,0.20192307692307693,DEAL,LUNAS,PP,0.2587904360056259,0.058368495077355836,0.06493506493506493,0.08303094983991462
2022-12-12,BAf,0.20192307692307693,DEAL,LUNAS,PP,0.2566807313642757,0.2686357243319269,0.012987012987012988,0.02689434364994664
2022-12-13,SSk,0.20192307692307693,DEAL,LUNAS,PP,0.2559774964838256,0.2679324894514768,0.03896103896103896,0.05378868729989328
2022-12-13,UWa,0.1955128205128205,DEAL,LUNAS,Drop,0.2559774964838256,0.2679324894514768,0.06493506493506493,0.07812166488794023
2022-12-13,TPa,0.1891025641025641,DEAL,LUNAS,PP,0.2559774964838256,0.2679324894514768,0.012987012987012988,0.025186766275346852
2022-12-14,KWa,0.20192307692307693,DEAL,LUNAS,PP,0.2552742616033756,0.26722925457102675,0.025974025974025972,0.04034151547491996
2022-12-17,BHl,0.08974358974358974,DEAL,LUNAS,PP,0.25316455696202533,0.2651195499296765,0.0,0.005976520811099253
2022-12-19,ILS,0.01282051282051282,DEAL,LUNAS,PP,0.2517580872011252,0.26371308016877637,0.0,0.0008537886872998933
2022-12-20,WEi,0.13782051282051283,DEAL,LUNAS,PP,0.25105485232067515,0.2630098452883263,0.0,0.009178228388473852
2022-12-20,"GS
",0.2692307692307692,DEAL,LUNAS,PP,0.25105485232067515,0.2630098452883263,0.0,0.01792956243329776
2022-12-21,PMk,0.13782051282051283,DEAL,LUNAS,Drop,0.25035161744022505,0.05555555555555556,0.19480519480519481,0.1511205976520811
2022-12-21,MSL,0.1826923076923077,DEAL,LUNAS,PP,0.25035161744022505,0.07805907172995781,0.03896103896103896,0.04781216648879402
2022-12-22,HTs,0.40384615384615385,DEAL,LUNAS,PP,0.24964838255977498,0.2616033755274262,0.0,0.02689434364994664
2022-12-23,PIs,0.1955128205128205,DEAL,LUNAS,Drop,0.24894514767932488,0.2609001406469761,0.0,0.013020277481323372
2022-12-23,TNa,0.1891025641025641,DEAL,LUNAS,PP,0.24894514767932488,0.014064697609001406,0.03896103896103896,0.05485592315901814
2022-12-24,IDh,0.20833333333333334,DEAL,LUNAS,PP,0.24824191279887484,0.09563994374120957,0.025974025974025972,0.03607257203842049
2022-12-27,BEE,0.20192307692307693,DEAL,LUNAS,PP,0.2461322081575246,0.2580872011251758,0.012987012987012988,0.020917822838847386
2023-01-02,SBe,0.1826923076923077,DEAL,LUNAS,PP,0.24191279887482417,0.2538677918424754,0.0,0.012166488794023479
2023-01-06,CTl,0.3782051282051282,DEAL,LUNAS,PP,0.23909985935302389,0.2510548523206751,0.0,0.025186766275346852
2023-01-09,TAa,0.20192307692307693,DEAL,LUNAS,PP,0.2369901547116737,0.2489451476793249,0.012987012987012988,0.02689434364994664
2023-01-09,THN,0.20192307692307693,DEAL,LUNAS,PP,0.2369901547116737,0.2489451476793249,0.012987012987012988,0.02689434364994664
2023-01-10,IVa,0.08653846153846154,DEAL,LUNAS,PP,0.23628691983122363,0.11954992967651196,0.025974025974025972,0.027961579509071504
2023-01-10,IUi,0.2980769230769231,DEAL,LUNAS,PP,0.23628691983122363,0.09845288326300984,0.012987012987012988,0.040981856990394874
2023-01-10,ISy,0.15384615384615385,DEAL,LUNAS,PP,0.23628691983122363,0.2320675105485232,0.025974025974025972,0.03265741728922092
2023-01-10,DEo,0.1762820512820513,DEAL,LUNAS,PP,0.23628691983122363,0.24824191279887484,0.012987012987012988,0.023479188900747065
2023-01-11,PRr,0.08653846153846154,DEAL,LUNAS,PP,0.23558368495077356,0.24753867791842477,0.0,0.00576307363927428
2023-01-11,CTP,0.1891025641025641,DEAL,LUNAS,PP,0.23558368495077356,0.24753867791842477,0.0,0.012593383137673426
2023-01-11,BCo,0.21153846153846154,DEAL,LUNAS,PP,0.23558368495077356,0.24753867791842477,0.012987012987012988,0.028175026680896477
2023-01-11,KTi,0.3782051282051282,DEAL,LUNAS,PP,0.23558368495077356,0.24753867791842477,0.0,0.025186766275346852
2023-01-12,BDy,0.21153846153846154,DEAL,LUNAS,PP,0.2348804500703235,0.2468354430379747,0.025974025974025972,0.04226254002134472
2023-01-12,PYn,0.20192307692307693,DEAL,LUNAS,PP,0.2348804500703235,0.2468354430379747,0.0,0.01344717182497332
2023-01-12,DPk,0.38461538461538464,DEAL,LUNAS,PP,0.2348804500703235,0.2468354430379747,0.012987012987012988,0.051227321237993596
2023-01-14,PHs,0.14743589743589744,DEAL,LUNAS,PP,0.23347398030942335,0.24542897327707455,0.0,0.009818569903948773
2023-01-14,HIa,0.14102564102564102,DEAL,LUNAS,PP,0.23347398030942335,0.24542897327707455,0.012987012987012988,0.018356456776947704
2023-01-14,IEh,0.08653846153846154,DEAL,LUNAS,PP,0.23347398030942335,0.09071729957805907,0.025974025974025972,0.039060832443970114
2023-01-17,JCa,0.15705128205128205,DEAL,LUNAS,PP,0.23136427566807313,0.11111111111111112,0.06493506493506493,0.06744930629669157
2023-01-17,SGd,0.14102564102564102,DEAL,LUNAS,PP,0.23136427566807313,0.24331926863572434,0.0,0.009391675560298825
2023-01-18,IWt,0.16987179487179488,DEAL,LUNAS,PP,0.23066104078762306,0.24261603375527427,0.025974025974025972,0.031163287086446105
2023-01-18,SP0,0.10576923076923077,DEAL,LUNAS,PP-6Jam,0.23066104078762306,0.05414908579465542,0.15584415584415584,0.09669156883671291
2023-01-19,PSi,0.3782051282051282,DEAL,LUNAS,PP,0.229957805907173,0.2419127988748242,0.06493506493506493,0.1511205976520811
2023-01-19,BSn,0.08333333333333334,DEAL,LUNAS,PP,0.229957805907173,0.02039381153305204,0.1168831168831169,0.1487726787620064
2023-01-19,IIe,0.08653846153846154,DEAL,LUNAS,PP,0.229957805907173,0.2419127988748242,0.0,0.00576307363927428
2023-01-20,OTl,0.15705128205128205,DEAL,LUNAS,PP,0.22925457102672292,0.13431786216596345,0.012987012987012988,0.019637139807897545
2023-01-20,YPa,0.20192307692307693,DEAL,LUNAS,PP,0.22925457102672292,0.023909985935302393,0.012987012987012988,0.021028815368196372
2023-01-21,KRl,0.21794871794871795,DEAL,LUNAS,PP,0.22855133614627285,0.24050632911392406,0.0,0.014514407684098186
2023-01-23,SPs,0.10897435897435898,DEAL,LUNAS,PP,0.2271448663853727,0.2390998593530239,0.0,0.007257203842049093
2023-01-24,DFS,0.20512820512820512,DEAL,LUNAS,PP,0.22644163150492264,0.23839662447257384,0.0,0.013660618996798293
2023-01-24,UGa,0.15384615384615385,DEAL,LUNAS,PP,0.22644163150492264,0.23839662447257384,0.0,0.010245464247598719
2023-01-25,SWo,0.20833333333333334,DEAL,LUNAS,PP,0.22573839662447256,0.23769338959212377,0.0,0.013874066168623266
2023-01-25,KGs,0.057692307692307696,DEAL,LUNAS,PP,0.22573839662447256,0.1589310829817159,0.03896103896103896,0.024119530416221984
2023-01-30,SYL,0.1891025641025641,DEAL,LUNAS,PP,0.2222222222222222,0.23417721518987342,0.0,0.012593383137673426
2023-01-30,IDy,0.1762820512820513,DEAL,LUNAS,PP,0.2222222222222222,0.23417721518987342,0.012987012987012988,0.023479188900747065
2023-01-31,SIt,0.16346153846153846,DEAL,LUNAS,PP,0.22151898734177214,0.23347398030942335,0.025974025974025972,0.03265741728922092
2023-01-31,TSs,0.07692307692307693,DEAL,LUNAS,PP-6Jam,0.22151898734177214,0.23347398030942335,0.0,0.005122732123799359
2023-01-31,BYn,0.15384615384615385,DEAL,LUNAS,PP,0.22151898734177214,0.12376933895921238,0.025974025974025972,0.048025613660619
2023-02-02,BPn,0.20833333333333334,DEAL,LUNAS,PP,0.220112517580872,0.030239099859353025,0.025974025974025972,0.03564567769477055
2023-02-02,PGB,0.20192307692307693,DEAL,LUNAS,Drop,0.220112517580872,0.2320675105485232,0.0,0.01344717182497332
2023-02-06,SDa,0.12820512820512822,DEAL,LUNAS,PP,0.2172995780590717,0.07032348804500703,0.07792207792207792,0.06851654215581643
2023-02-06,RS8,0.26282051282051283,DEAL,LUNAS,PP,0.2172995780590717,0.22925457102672292,0.0,0.017502668089647812
2023-02-07,BRy,0.21153846153846154,DEAL,LUNAS,PP,0.21659634317862164,0.04008438818565401,0.03896103896103896,0.03564567769477055
2023-02-08,GMs,0.41025641025641024,DEAL,LUNAS,PP,0.21589310829817157,0.22784810126582278,0.0,0.027321237993596585
2023-02-08,FHG,0.13141025641025642,DEAL,LUNAS,Drop,0.21589310829817157,0.22784810126582278,0.012987012987012988,0.017502668089647812
2023-02-08,SKS,0.02564102564102564,DEAL,LUNAS,PP,0.21589310829817157,0.11533052039381153,0.012987012987012988,0.0025613660618996796
2023-02-08,JPg,0.10576923076923077,DEAL,LUNAS,Drop,0.21589310829817157,0.22784810126582278,0.0,0.007043756670224119
2023-02-09,YBa,0.1826923076923077,DEAL,LUNAS,PP,0.2151898734177215,0.10407876230661041,0.05194805194805195,0.060832443970117396
2023-02-11,GKi,0.1891025641025641,DEAL,LUNAS,PP,0.21378340365682136,0.15541490857946555,0.012987012987012988,0.024759871931696906
2023-02-14,LNo,0.38461538461538464,DEAL,LUNAS,PP,0.21167369901547117,0.22362869198312238,0.0,0.025613660618996798
2023-02-14,BUn,0.20192307692307693,DEAL,LUNAS,PP,0.21167369901547117,0.22362869198312238,0.0,0.01344717182497332
2023-02-17,TYa,0.1826923076923077,DEAL,LUNAS,PP,0.20956399437412096,0.09282700421940929,0.03896103896103896,0.047385272145144076
2023-02-17,ITs,0.20192307692307693,DEAL,LUNAS,PP,0.20956399437412096,0.22151898734177217,0.0,0.01344717182497332
2023-02-20,SMg,0.20192307692307693,DEAL,LUNAS,PP,0.20745428973277075,0.21940928270042195,0.0,0.01344717182497332
2023-02-20,L&n,0.15705128205128205,DEAL,LUNAS,PP,0.20745428973277075,0.13361462728551338,0.03896103896103896,0.03030949839914621
2023-02-23,UDo,0.3525641025641026,DEAL,LUNAS,PP,0.20534458509142053,0.12939521800281295,0.03896103896103896,0.07470651013874066
2023-03-01,SCu,0.15064102564102563,DEAL,LUNAS,Drop,0.2011251758087201,0.21308016877637131,0.025974025974025972,0.030096051227321237
2023-03-01,KTA,0.08653846153846154,DEAL,LUNAS,PP-6Jam,0.2011251758087201,0.21308016877637131,0.0,0.00576307363927428
2023-03-01,GPh,0.1955128205128205,DEAL,LUNAS,Drop,0.2011251758087201,0.11533052039381153,0.06493506493506493,0.061045891141942366
2023-03-01,HBr,0.20192307692307693,DEAL,LUNAS,PP,0.2011251758087201,0.21308016877637131,0.0,0.01344717182497332
2023-03-02,TP0,0.10576923076923077,DEAL,LUNAS,PP-6Jam,0.20042194092827004,0.07876230661040788,0.03896103896103896,0.02582710779082177
2023-03-02,IKa,0.14743589743589744,DEAL,LUNAS,PP,0.20042194092827004,0.014767932489451477,0.05194805194805195,0.056990394877267876
2023-03-02,IMr,0.14423076923076925,DEAL,LUNAS,PP,0.20042194092827004,0.1540084388185654,0.012987012987012988,0.0096051227321238
2023-03-03,SK2,0.1826923076923077,DEAL,LUNAS,PP,0.19971870604781997,0.21167369901547117,0.012987012987012988,0.024332977588046957
2023-03-03,TP9,0.22435897435897437,DEAL,LUNAS,PP,0.19971870604781997,0.21167369901547117,0.0,0.014941302027748132
2023-03-06,KUC,0.1826923076923077,DEAL,LUNAS,Drop,0.19760900140646975,0.20956399437412096,0.0,0.012166488794023479
2023-03-06,BKs,0.20833333333333334,DEAL,LUNAS,PP,0.19760900140646975,0.20956399437412096,0.03896103896103896,0.05549626467449306
2023-03-08,GGI,0.12179487179487179,DEAL,LUNAS,Drop,0.1962025316455696,0.20815752461322082,0.012987012987012988,0.016862326574172894
2023-03-08,PSl,0.1891025641025641,DEAL,LUNAS,PP,0.1962025316455696,0.20815752461322082,0.025974025974025972,0.03948772678762006
2023-03-08,SP7,0.10576923076923077,DEAL,LUNAS,PP-6Jam,0.1962025316455696,0.0639943741209564,0.03896103896103896,0.0375667022411953
2023-03-09,GEa,0.15064102564102563,DEAL,LUNAS,Drop,0.19549929676511954,0.20745428973277075,0.0,0.010032017075773746
2023-03-11,GKa,0.1826923076923077,DEAL,LUNAS,Drop,0.1940928270042194,0.026722925457102673,0.025974025974025972,0.04781216648879402
2023-03-11,WPs,0.10256410256410256,DEAL,LUNAS,PP-6Jam,0.1940928270042194,0.2060478199718706,0.0,0.006830309498399146
2023-03-11,PSU,0.060897435897435896,DEAL,LUNAS,PP-6Jam,0.1940928270042194,0.2060478199718706,0.0,0.004055496264674493
2023-03-14,VDa,0.39743589743589747,DEAL,LUNAS,PP,0.19198312236286919,0.05555555555555556,0.025974025974025972,0.04994663820704376
2023-03-15,SMl,0.1891025641025641,DEAL,LUNAS,PP,0.19127988748241911,0.027426160337552744,0.012987012987012988,0.020490928495197437
2023-03-15,DBs,0.8012820512820513,DEAL,LUNAS,Drop,0.19127988748241911,0.20323488045007032,0.0,0.053361792956243326
2023-03-15,LGs,0.15384615384615385,DEAL,LUNAS,Drop,0.19127988748241911,0.11040787623066105,0.03896103896103896,0.04439701173959445
2023-03-17,BNS,0.01282051282051282,DEAL,LUNAS,PP,0.18987341772151897,0.20182841068917018,0.0,0.0008537886872998933
2023-03-20,W8B,0.3782051282051282,DEAL,LUNAS,PP,0.18776371308016876,0.19971870604781997,0.0,0.025186766275346852
2023-03-21,GDt,0.483974358974359,DEAL,LUNAS,PP,0.1870604781997187,0.1990154711673699,0.0,0.03223052294557097
2023-03-21,BSF,0.4807692307692308,DEAL,LUNAS,PP,0.1870604781997187,0.09142053445850915,0.025974025974025972,0.055069370330843116
2023-03-21,BDB,0.483974358974359,DEAL,LUNAS,PP,0.1870604781997187,0.1990154711673699,0.0,0.03223052294557097
2023-03-24,TP2,0.10576923076923077,DEAL,LUNAS,PP-6Jam,0.18495077355836848,0.16033755274261605,0.012987012987012988,0.014087513340448238
2023-03-24,KBo,0.20192307692307693,DEAL,LUNAS,PP,0.18495077355836848,0.19690576652601968,0.0,0.01344717182497332
2023-03-27,OPs,0.1955128205128205,DEAL,LUNAS,drop,0.1828410689170183,0.1947960618846695,0.0,0.013020277481323372
2023-03-27,M&a,0.1826923076923077,DEAL,LUNAS,PP,0.1828410689170183,0.1947960618846695,0.0,0.012166488794023479
2023-03-29,LYl,0.3044871794871795,DEAL,LUNAS,PP,0.18143459915611815,0.19338959212376935,0.0,0.020277481323372464
2023-04-01,BJS,0.13141025641025642,DEAL,LUNAS,PP,0.17932489451476794,0.19127988748241914,0.0,0.008751334044823906
2023-04-03,BWn,0.20192307692307693,DEAL,LUNAS,PP,0.1779184247538678,0.189873417721519,0.012987012987012988,0.02689434364994664
2023-04-05,PKr,0.1891025641025641,DEAL,LUNAS,PP,0.17651195499296765,0.13572433192686356,0.6883116883116883,0.75923159018143
2023-04-08,PLa,0.38461538461538464,DEAL,LUNAS,PP,0.17440225035161744,0.18635724331926865,0.0,0.025613660618996798
2023-04-11,BFa,0.15705128205128205,DEAL,LUNAS,PP,0.17229254571026723,0.18424753867791843,0.0,0.010458911419423693
2023-04-11,INi,0.1955128205128205,DEAL,LUNAS,PP,0.17229254571026723,0.004922644163150493,0.07792207792207792,0.0751334044823906
2023-04-12,DWs,0.1955128205128205,DEAL,LUNAS,PP,0.17158931082981715,0.18354430379746836,0.0,0.013020277481323372
2023-04-12,BSt,0.3653846153846154,DEAL,LUNAS,PP,0.17158931082981715,0.18354430379746836,0.0,0.024332977588046957
2023-04-14,PRg,0.20833333333333334,DEAL,LUNAS,PP,0.170182841068917,0.1371308016877637,0.012987012987012988,0.03479188900747065
2023-04-18,LTs,0.08653846153846154,DEAL,LUNAS,PP,0.16736990154711673,0.12306610407876231,0.05194805194805195,0.03649946638207044
2023-04-18,MTr,0.07692307692307693,DEAL,LUNAS,Drop,0.16736990154711673,0.17932489451476794,0.0,0.005122732123799359
2023-04-18,BIk,0.08333333333333334,DEAL,LUNAS,PP,0.16736990154711673,0.17932489451476794,0.0,0.005549626467449306
2023-04-25,BFC,0.04807692307692308,DEAL,LUNAS,PP,0.16244725738396623,0.17440225035161744,0.0,0.0032017075773745998
2023-04-26,BSm,0.21794871794871795,DEAL,LUNAS,PP,0.16174402250351616,0.15963431786216598,0.012987012987012988,0.027961579509071504
2023-04-27,GPr,0.3269230769230769,DEAL,LUNAS,PP,0.1610407876230661,0.09353023909985936,0.025974025974025972,0.07748132337246531
2023-04-28,IMn,0.1762820512820513,DEAL,LUNAS,PP,0.16033755274261602,0.17229254571026723,0.0,0.011739594450373533
2023-05-03,SHh,0.20192307692307693,DEAL,LUNAS,PP,0.15682137834036566,0.16877637130801687,0.012987012987012988,0.02689434364994664
2023-05-04,GGa,0.1955128205128205,DEAL,LUNAS,Drop,0.1561181434599156,0.14556962025316456,0.012987012987012988,0.02070437566702241
2023-05-05,GNa,0.20192307692307693,DEAL,LUNAS,Drop,0.15541490857946552,0.16736990154711673,0.0,0.01344717182497332
2023-05-08,SM1,0.20192307692307693,DEAL,LUNAS,PP,0.1533052039381153,0.0189873417721519,0.05194805194805195,0.062113127001067234
2023-05-08,SMI,0.1826923076923077,DEAL,LUNAS,PP,0.1533052039381153,0.16526019690576652,0.0,0.012166488794023479
2023-05-09,GSG,0.33974358974358976,DEAL,LUNAS,PP,0.15260196905766527,0.16455696202531647,0.0,0.02262540021344717
2023-05-09,TKi,0.1826923076923077,DEAL,LUNAS,PP,0.15260196905766527,0.16455696202531647,0.025974025974025972,0.03649946638207044
2023-05-10,IBs,0.20192307692307693,DEAL,LUNAS,PP,0.1518987341772152,0.1638537271448664,0.0,0.01344717182497332
2023-05-10,ISr,0.21794871794871795,DEAL,LUNAS,PP,0.1518987341772152,0.1638537271448664,0.0,0.014514407684098186
2023-05-10,HYh,0.1955128205128205,DEAL,LUNAS,Drop,0.1518987341772152,0.1638537271448664,0.0,0.013020277481323372
2023-05-10,PTo,0.20192307692307693,DEAL,LUNAS,PP,0.1518987341772152,0.1638537271448664,0.0,0.01344717182497332
2023-05-12,LBn,0.1762820512820513,DEAL,LUNAS,PP,0.15049226441631505,0.16244725738396626,0.0,0.011739594450373533
2023-05-12,GDa,0.38461538461538464,DEAL,LUNAS,PP,0.15049226441631505,0.16244725738396626,0.0,0.025613660618996798
2023-05-12,BYa,0.08333333333333334,DEAL,LUNAS,PP,0.15049226441631505,0.1490857946554149,0.012987012987012988,0.011099252934898612
2023-05-13,TKn,0.1891025641025641,DEAL,LUNAS,PP,0.14978902953586498,0.1617440225035162,0.012987012987012988,0.025186766275346852
2023-05-13,SAd,0.1891025641025641,DEAL,LUNAS,PP,0.14978902953586498,0.1617440225035162,0.012987012987012988,0.025186766275346852
2023-05-15,GYi,0.07692307692307693,DEAL,LUNAS,drop,0.14838255977496484,0.006329113924050633,0.05194805194805195,0.029882604055496264
2023-05-16,TBl,0.19230769230769232,DEAL,LUNAS,PP,0.14767932489451477,0.15963431786216598,0.0,0.012806830309498399
2023-05-17,KWo,0.19230769230769232,DEAL,LUNAS,PP,0.1469760900140647,0.1589310829817159,0.012987012987012988,0.025613660618996798
2023-05-17,SM7,0.13141025641025642,DEAL,LUNAS,PP,0.1469760900140647,0.1589310829817159,0.0,0.008751334044823906
2023-05-17,T(),0.1955128205128205,DEAL,LUNAS,Drop,0.1469760900140647,0.1589310829817159,0.025974025974025972,0.039060832443970114
2023-05-19,R1h,0.20833333333333334,DEAL,LUNAS,PP,0.14556962025316456,0.15752461322081576,0.0,0.013874066168623266
2023-05-19,HKS,0.1891025641025641,DEAL,LUNAS,PP,0.14556962025316456,0.15752461322081576,0.0,0.012593383137673426
2023-05-19,SXg,0.13621794871794873,DEAL,LUNAS,Drop,0.14556962025316456,0.15752461322081576,0.012987012987012988,0.01814300960512273
2023-05-20,BNg,0.3525641025641026,DEAL,LUNAS,PP,0.14486638537271448,0.08860759493670886,0.012987012987012988,0.04909284951974386
2023-05-22,VCC,0.19230769230769232,DEAL,LUNAS,Drop,0.14345991561181434,0.05907172995780591,0.012987012987012988,0.017502668089647812
2023-05-22,IEn,0.20192307692307693,DEAL,LUNAS,PP,0.14345991561181434,0.1490857946554149,0.012987012987012988,0.018996798292422627
2023-05-22,SHs,0.15705128205128205,DEAL,LUNAS,PP,0.14345991561181434,0.10267229254571027,0.09090909090909091,0.11867662753468516
2023-05-25,KPI,0.14743589743589744,DEAL,LUNAS,PP,0.14135021097046413,0.15330520393811534,0.0,0.009818569903948773
2023-05-25,US3,0.14423076923076925,DEAL,LUNAS,PP,0.14135021097046413,0.15330520393811534,0.0,0.0096051227321238
2023-05-25,IEt,0.1423076923076923,DEAL,LUNAS,Drop,0.14135021097046413,0.15330520393811534,0.012987012987012988,0.01895410885805763
2023-05-26,GBn,0.20192307692307693,DEAL,LUNAS,PP,0.14064697609001406,0.15260196905766527,0.025974025974025972,0.04034151547491996
2023-05-26,IVo,0.13782051282051283,DEAL,LUNAS,PP,0.14064697609001406,0.15260196905766527,0.0,0.009178228388473852
2023-05-27,MUh,0.3173076923076923,DEAL,LUNAS,PP,0.139943741209564,0.1518987341772152,0.0,0.02113127001067236
2023-05-29,IWk,0.21794871794871795,DEAL,LUNAS,PP,0.13853727144866385,0.03656821378340366,0.03896103896103896,0.061899679829242264
2023-05-29,DSS,0.19567307692307692,DEAL,LUNAS,PP,0.13853727144866385,0.15049226441631505,0.0,0.01303094983991462
2023-05-29,KTl,0.07692307692307693,DEAL,LUNAS,Drop,0.13853727144866385,0.02039381153305204,0.1038961038961039,0.11867662753468516
2023-05-29,IAo,0.3173076923076923,DEAL,LUNAS,PP,0.13853727144866385,0.15049226441631505,0.0,0.02113127001067236
2023-05-29,SKy,0.08333333333333334,DEAL,LUNAS,PP,0.13853727144866385,0.15049226441631505,0.0,0.005549626467449306
2023-05-30,INe,0.24358974358974358,DEAL,LUNAS,PP,0.13783403656821377,0.06610407876230662,0.012987012987012988,0.030096051227321237
2023-05-30,IKr,0.3173076923076923,DEAL,LUNAS,PP,0.13783403656821377,0.14978902953586498,0.0,0.02113127001067236
2023-05-31,MGk,0.20192307692307693,DEAL,LUNAS,Drop,0.1371308016877637,0.1490857946554149,0.03896103896103896,0.05378868729989328
2023-05-31,IDm,0.1891025641025641,DEAL,LUNAS,PP,0.1371308016877637,0.1490857946554149,0.0,0.012593383137673426
2023-06-02,IDn,0.15384615384615385,DEAL,LUNAS,PP,0.13572433192686356,0.14767932489451477,0.0,0.010245464247598719
2023-06-02,LMB,0.14423076923076925,DEAL,LUNAS,PP,0.13572433192686356,0.14767932489451477,0.012987012987012988,0.0192102454642476
2023-06-05,KA+,0.3782051282051282,DEAL,LUNAS,PP,0.13361462728551335,0.14556962025316456,0.0,0.025186766275346852
2023-06-06,SEk,0.08333333333333334,DEAL,LUNAS,PP,0.13291139240506328,0.14486638537271448,0.0,0.005549626467449306
2023-06-06,KSs,0.20192307692307693,DEAL,LUNAS,Drop,0.13291139240506328,0.14486638537271448,0.0,0.01344717182497332
2023-06-07,RS2,0.20192307692307693,DEAL,LUNAS,PP,0.1322081575246132,0.1441631504922644,0.012987012987012988,0.02689434364994664
2023-06-07,S88,0.20833333333333334,DEAL,LUNAS,PP,0.1322081575246132,0.09071729957805907,0.03896103896103896,0.05549626467449306
2023-06-07,IJe,0.20833333333333334,DEAL,LUNAS,PP,0.1322081575246132,0.1441631504922644,0.0,0.013874066168623266
2023-06-07,SHa,0.20192307692307693,DEAL,LUNAS,PP,0.1322081575246132,0.1441631504922644,0.0,0.01344717182497332
2023-06-08,JHr,0.6730769230769231,DEAL,LUNAS,PP,0.13150492264416314,0.06891701828410689,0.07792207792207792,0.3133404482390608
2023-06-08,LSi,0.3173076923076923,DEAL,LUNAS,PP,0.13150492264416314,0.14345991561181434,0.0,0.02113127001067236
2023-06-09,BSy,0.16346153846153846,DEAL,LUNAS,PP,0.13080168776371306,0.14275668073136427,0.025974025974025972,0.03265741728922092
2023-06-09,S1s,0.20192307692307693,DEAL,LUNAS,PP,0.13080168776371306,0.015471167369901548,0.06493506493506493,0.08068303094983992
2023-06-10,KSr,0.20192307692307693,DEAL,LUNAS,PP,0.130098452883263,0.1420534458509142,0.07792207792207792,0.09413020277481324
2023-06-12,GMa,0.266025641025641,DEAL,LUNAS,PP,0.12869198312236285,0.14064697609001406,0.0,0.017716115261472785
2023-06-12,SGy,0.07371794871794872,DEAL,LUNAS,Drop,0.12869198312236285,0.14064697609001406,0.0,0.004909284951974386
2023-06-12,IL),0.20833333333333334,DEAL,LUNAS,PP,0.12869198312236285,0.14064697609001406,0.0,0.013874066168623266
2023-06-13,WEa,0.3173076923076923,DEAL,LUNAS,PP,0.12798874824191278,0.139943741209564,0.0,0.02113127001067236
2023-06-16,KRo,0.20192307692307693,DEAL,LUNAS,PP,0.12587904360056257,0.13783403656821377,0.0,0.01344717182497332
2023-06-17,IJl,0.13782051282051283,DEAL,LUNAS,PP,0.1251758087201125,0.1371308016877637,0.0,0.009178228388473852
2023-06-19,GNl,0.20192307692307693,DEAL,LUNAS,PP,0.12376933895921237,0.0850914205344585,0.025974025974025972,0.037139807897545354
2023-06-19,IAe,0.08333333333333334,DEAL,LUNAS,PP,0.12376933895921237,0.13572433192686356,0.0,0.005549626467449306
2023-06-20,RPk,0.3782051282051282,DEAL,LUNAS,PP,0.12306610407876233,0.13502109704641352,0.0,0.025186766275346852
2023-06-21,VEa,0.14102564102564102,DEAL,LUNAS,PP,0.12236286919831225,0.13431786216596345,0.0,0.009391675560298825
2023-06-24,S13,0.1625,DEAL,LUNAS,PP,0.12025316455696204,0.13220815752461323,0.0,0.010821771611526147
2023-06-27,PHo,0.13782051282051283,DEAL,LUNAS,Drop,0.11814345991561183,0.13009845288326302,0.012987012987012988,0.018356456776947704
2023-06-27,IMo,0.483974358974359,DEAL,LUNAS,PP,0.11814345991561183,0.13009845288326302,0.0,0.03223052294557097
2023-06-30,BUo,0.1955128205128205,DEAL,LUNAS,PP,0.11603375527426162,0.1279887482419128,0.012987012987012988,0.026040554962646744
2023-06-30,IFi,0.08012820512820513,DEAL,LUNAS,Drop,0.11603375527426162,0.1279887482419128,0.025974025974025972,0.016008537886873
2023-07-01,RAs,0.3782051282051282,DEAL,LUNAS,PP,0.11533052039381154,0.12728551336146274,0.0,0.025186766275346852
2023-07-01,BCa,0.1891025641025641,DEAL,LUNAS,PP,0.11533052039381154,0.12728551336146274,0.012987012987012988,0.025186766275346852
2023-07-03,IIs,0.3173076923076923,DEAL,LUNAS,PP,0.1139240506329114,0.10126582278481013,0.012987012987012988,0.030522945570971183
2023-07-03,PRh,0.20833333333333334,DEAL,LUNAS,PP,0.1139240506329114,0.1258790436005626,0.0,0.013874066168623266
2023-07-03,GVo,0.1185897435897436,DEAL,LUNAS,PP,0.1139240506329114,0.1258790436005626,0.0,0.007897545357524013
2023-07-05,PAm,0.20192307692307693,DEAL,LUNAS,PP,0.11251758087201126,0.05485232067510549,0.012987012987012988,0.022411953041622197
2023-07-05,IQi,0.20833333333333334,DEAL,LUNAS,PP,0.11251758087201126,0.12447257383966245,0.0,0.013874066168623266
2023-07-07,FTS,0.22756410256410256,DEAL,LUNAS,Drop,0.11111111111111112,0.12306610407876231,0.0,0.015154749199573105
2023-07-07,IKm,0.3173076923076923,DEAL,LUNAS,PP,0.11111111111111112,0.12306610407876231,0.0,0.02113127001067236
2023-07-10,RGs,0.028846153846153848,DEAL,LUNAS,PP,0.1090014064697609,0.1209563994374121,0.0,0.00192102454642476
2023-07-11,SUI,0.13163461538461538,DEAL,LUNAS,PP,0.10829817158931083,0.12025316455696203,0.0,0.008766275346851654
2023-07-12,ILm,0.5865384615384616,DEAL,LUNAS,PP,0.10759493670886076,0.11954992967651196,0.0,0.039060832443970114
2023-07-13,CKh,0.20192307692307693,DEAL,LUNAS,PP,0.10689170182841069,0.11884669479606189,0.0,0.01344717182497332
2023-07-14,MVa,0.1794871794871795,DEAL,LUNAS,PP,0.10618846694796062,0.11814345991561181,0.0,0.011953041622198506
2023-07-15,GAh,0.12820512820512822,DEAL,LUNAS,PP,0.10548523206751055,0.11744022503516174,0.0,0.008537886872998933
2023-07-18,IHl,0.3173076923076923,DEAL,LUNAS,PP,0.10337552742616034,0.11533052039381153,0.0,0.02113127001067236
2023-07-18,KKi,0.1891025641025641,DEAL,LUNAS,PP,0.10337552742616034,0.11533052039381153,0.0,0.012593383137673426
2023-07-22,IE),0.20192307692307693,DEAL,LUNAS,PP,0.10056258790436005,0.11251758087201125,0.0,0.01344717182497332
2023-07-24,HKa,0.3141025641025641,DEAL,LUNAS,PP,0.09915611814345993,0.011251758087201125,0.025974025974025972,0.04525080042689434
2023-07-25,VEn,0.3782051282051282,DEAL,LUNAS,PP,0.09845288326300985,0.11040787623066105,0.0,0.025186766275346852
2023-07-25,IRy,0.28205128205128205,DEAL,LUNAS,PP,0.09845288326300985,0.047116736990154715,0.025974025974025972,0.05293489861259338
2023-07-25,BLa,0.5865384615384616,DEAL,LUNAS,PP,0.09845288326300985,0.11040787623066105,0.0,0.039060832443970114
2023-07-27,KVA,0.7371794871794872,DEAL,LUNAS,PP,0.09704641350210971,0.1090014064697609,0.0,0.04909284951974386
2023-07-28,PPP,0.3173076923076923,DEAL,LUNAS,PP,0.09634317862165964,0.10829817158931083,0.025974025974025972,0.06339381003201708
2023-07-31,KGg,0.20192307692307693,DEAL,LUNAS,PP,0.09423347398030943,0.10618846694796062,0.0,0.01344717182497332
2023-08-01,MGo,0.1891025641025641,DEAL,LUNAS,PP,0.09353023909985936,0.10548523206751055,0.025974025974025972,0.03778014941302028
2023-08-02,LFs,0.3173076923076923,DEAL,LUNAS,PP,0.09282700421940929,0.10478199718706048,0.0,0.02113127001067236
2023-08-03,CKm,0.13141025641025642,DEAL,LUNAS,PP,0.09212376933895922,0.10407876230661041,0.0,0.008751334044823906
2023-08-04,BMh,0.1185897435897436,DEAL,LUNAS,PP,0.09142053445850915,0.10337552742616034,0.012987012987012988,0.015795090715048025
2023-08-04,UKa,0.08333333333333334,DEAL,LUNAS,PP,0.09142053445850915,0.10337552742616034,0.0,0.005549626467449306
2023-08-05,Kdo,0.06410256410256411,DEAL,LUNAS,Drop,0.09071729957805907,0.10267229254571027,0.0,0.004268943436499467
2023-08-08,HJa,0.1826923076923077,DEAL,LUNAS,PP,0.08860759493670886,0.10056258790436005,0.05194805194805195,0.060832443970117396
2023-08-09,SKe,0.13782051282051283,DEAL,LUNAS,PP,0.08790436005625879,0.09985935302390998,0.0,0.009178228388473852
2023-08-10,GJI,0.1185897435897436,DEAL,LUNAS,PP,0.08720112517580872,0.09915611814345991,0.0,0.007897545357524013
2023-08-10,ISe,0.13141025641025642,DEAL,LUNAS,PP,0.08720112517580872,0.09915611814345991,0.0,0.008751334044823906
2023-08-11,IAd,0.13141025641025642,DEAL,LUNAS,PP,0.08649789029535865,0.09845288326300984,0.0,0.008751334044823906
2023-08-18,S 1,0.11217948717948718,DEAL,LUNAS,PP-6Jam,0.08157524613220817,0.08368495077355836,0.07792207792207792,0.05165421558164354
2023-08-18,SG1,0.10256410256410256,DEAL,LUNAS,PP-6Jam,0.08157524613220817,0.09353023909985936,0.05194805194805195,0.03415154749199573
2023-08-22,L(),0.15705128205128205,DEAL,LUNAS,PP,0.07876230661040788,0.09071729957805907,0.24675324675324678,0.19935965848452508
2023-08-23,B l,0.12820512820512822,DEAL,LUNAS,PP,0.07805907172995781,0.090014064697609,0.0,0.008537886872998933
2023-08-24,BJa,0.15384615384615385,DEAL,LUNAS,PP,0.07735583684950774,0.08931082981715893,0.0,0.010245464247598719
2023-08-28,KCr,0.7692307692307693,DEAL,LUNAS,PP,0.07454289732770746,0.08649789029535865,0.0,0.051227321237993596
2023-08-30,BSs,0.20833333333333334,DEAL,LUNAS,PP,0.07313642756680731,0.01687763713080169,0.012987012987012988,0.02305229455709712
2023-08-30,JYa,0.3173076923076923,DEAL,LUNAS,PP,0.07313642756680731,0.0850914205344585,0.0,0.02113127001067236
2023-09-04,LSg,0.38461538461538464,DEAL,LUNAS,PP,0.06962025316455697,0.08157524613220817,0.0,0.025613660618996798
2023-09-06,BHy,0.25641025641025644,DEAL,LUNAS,PP,0.06821378340365683,0.08016877637130802,0.0,0.017075773745997867
2023-09-07,IRh,0.25641025641025644,DEAL,LUNAS,PP,0.06751054852320676,0.07946554149085795,0.0,0.017075773745997867
2023-09-08,BRd,0.1955128205128205,DEAL,LUNAS,PP,0.06680731364275669,0.07876230661040788,0.0,0.013020277481323372
2023-09-12,RRl,0.13141025641025642,DEAL,LUNAS,PP,0.0639943741209564,0.0759493670886076,0.0,0.008751334044823906
2023-09-12,ICi,0.24358974358974358,DEAL,LUNAS,PP,0.0639943741209564,0.0759493670886076,0.0,0.01622198505869797
2023-09-13,BIo,0.483974358974359,DEAL,LUNAS,PP,0.06329113924050633,0.0189873417721519,0.012987012987012988,0.04119530416221985
2023-09-14,MTE,0.1346153846153846,DEAL,LUNAS,PP,0.06258790436005626,0.07454289732770746,0.0,0.00896478121664888
2023-09-15,CSa,0.24358974358974358,DEAL,LUNAS,PP,0.06188466947960619,0.07383966244725738,0.0,0.01622198505869797
2023-09-15,TTa,0.15384615384615385,DEAL,LUNAS,PP,0.06188466947960619,0.07383966244725738,0.03896103896103896,0.08068303094983992
2023-09-15,RRZ,0.1955128205128205,DEAL,LUNAS,PP,0.06188466947960619,0.07383966244725738,0.025974025974025972,0.039060832443970114
2023-09-15,BJi,0.20192307692307693,DEAL,LUNAS,PP,0.06188466947960619,0.07383966244725738,0.0,0.01344717182497332
2023-09-18,BMb,0.1762820512820513,DEAL,LUNAS,PP,0.05977496483825598,0.07172995780590717,0.0,0.011739594450373533
2023-09-18,SSn,0.3782051282051282,DEAL,LUNAS,PP,0.05977496483825598,0.07172995780590717,0.0,0.025186766275346852
2023-09-19,YPA,0.20990384615384616,DEAL,LUNAS,PP,0.05907172995780591,0.0710267229254571,0.0,0.013978655282817503
2023-09-21,KPa,0.20192307692307693,DEAL,LUNAS,Drop,0.057665260196905765,0.06962025316455696,0.0,0.01344717182497332
2023-09-21,KDV,0.20192307692307693,DEAL,LUNAS,Drop,0.057665260196905765,0.06962025316455696,0.0,0.01344717182497332
2023-09-22,BMy,0.20192307692307693,DEAL,LUNAS,PP,0.056962025316455694,0.06891701828410689,0.0,0.01344717182497332
2023-09-23,ICo,0.12179487179487179,DEAL,LUNAS,PP,0.05625879043600562,0.06821378340365682,0.0,0.008110992529348986
2023-09-25,SSt,0.08653846153846154,DEAL,LUNAS,PP,0.054852320675105495,0.06680731364275669,0.07792207792207792,0.05570971184631804
2023-09-27,PSn,0.32051282051282054,DEAL,LUNAS,PP,0.05344585091420535,0.06540084388185655,0.0,0.021344717182497332
2023-09-29,IMy,0.20512820512820512,DEAL,LUNAS,PP,0.05203938115330521,0.0639943741209564,0.0,0.013660618996798293
2023-10-03,DIS,0.18001923076923076,DEAL,LUNAS,PP,0.04922644163150493,0.06118143459915612,0.0,0.011988473852721452
2023-10-06,BTl,0.14423076923076925,DEAL,LUNAS,PP,0.047116736990154715,0.02250351617440225,0.16883116883116883,0.14663820704375666
2023-10-07,S57,0.12820512820512822,DEAL,LUNAS,PP,0.046413502109704644,0.058368495077355836,0.012987012987012988,0.017075773745997867
2023-10-07,PRa,0.23125,DEAL,LUNAS,PP,0.046413502109704644,0.058368495077355836,0.0,0.015400213447171825
2023-10-10,SY3,0.15064102564102563,DEAL,LUNAS,Drop,0.04430379746835443,0.05625879043600562,0.012987012987012988,0.02006403415154749
2023-10-11,IBe,0.08653846153846154,DEAL,LUNAS,PP,0.04360056258790436,0.05555555555555556,0.0,0.00576307363927428
2023-10-16,BNn,0.21474358974358976,DEAL,LUNAS,Drop,0.040084388185654005,0.052039381153305204,0.025974025974025972,0.042902881536819634
2023-10-18,ISl,0.4166666025641026,DEAL,LUNAS,PP,0.03867791842475386,0.035864978902953586,0.05194805194805195,0.058074702241195306
2023-10-19,BJ.,0.20192307692307693,DEAL,LUNAS,PP,0.03797468354430379,0.04992967651195499,0.0,0.01344717182497332
2023-10-23,BWK,0.15705128205128205,DEAL,LUNAS,PP,0.03516174402250352,0.047116736990154715,0.0,0.010458911419423693
2023-10-25,HPm,0.15705128205128205,DEAL,LUNAS,PP,0.03375527426160338,0.04571026722925457,0.012987012987012988,0.020917822838847386
2023-10-28,IEl,0.08333333333333334,DEAL,LUNAS,PP,0.03164556962025317,0.04360056258790436,0.0,0.005549626467449306
2023-10-30,BI),0.14102564102564102,DEAL,LUNAS,PP,0.03023909985935302,0.04219409282700422,0.0,0.009391675560298825
2023-10-30,PBl,0.1826923076923077,DEAL,LUNAS,PP,0.03023909985935302,0.04219409282700422,0.0,0.012166488794023479
2023-10-31,SAA,0.15705128205128205,DEAL,LUNAS,PP,0.02953586497890295,0.04149085794655415,0.0,0.010458911419423693
2023-11-01,SG2,0.11384615384615385,DEAL,LUNAS,PP-6Jam,0.028832630098452886,0.04078762306610408,0.025974025974025972,0.022744930629669157
2023-11-04,TMn,0.3173076923076923,DEAL,LUNAS,PP,0.026722925457102673,0.03867791842475387,0.0,0.02113127001067236
2023-11-04,LGk,0.20192307692307693,DEAL,LUNAS,PP,0.026722925457102673,0.03867791842475387,0.0,0.01344717182497332
2023-11-04,S15,0.1185897435897436,DEAL,LUNAS,PP-6Jam,0.026722925457102673,0.03867791842475387,0.012987012987012988,0.015795090715048025
2023-11-04,IVA,0.08653846153846154,DEAL,LUNAS,PP,0.026722925457102673,0.03867791842475387,0.0,0.00576307363927428
2023-11-07,BSr,0.1955128205128205,DEAL,LUNAS,PP,0.02461322081575246,0.03656821378340366,0.0,0.013020277481323372
2023-11-08,KPn,0.20192307692307693,DEAL,LUNAS,PP,0.02390998593530239,0.035864978902953586,0.0,0.01344717182497332
2023-11-08,MJm,0.20192307692307693,DEAL,LUNAS,PP,0.02390998593530239,0.035864978902953586,0.0,0.01344717182497332
2023-11-08,MGs,0.04487179487179487,DEAL,LUNAS,PP-6Jam,0.02390998593530239,0.035864978902953586,0.0,0.0029882604055496264
2023-11-09,VMn,0.08333333333333334,DEAL,LUNAS,Drop,0.02320675105485232,0.035161744022503515,0.0,0.005549626467449306
2023-11-13,GHa,0.1185897435897436,DEAL,LUNAS,PP,0.02039381153305204,0.03234880450070324,0.0,0.007897545357524013
2023-11-15,IFa,0.20192307692307693,DEAL,LUNAS,PP,0.0189873417721519,0.011251758087201125,0.012987012987012988,0.02390608324439701
2023-11-15,SW2,0.12820512820512822,DEAL,LUNAS,PP,0.0189873417721519,0.030942334739803096,0.025974025974025972,0.011953041622198506
2023-11-17,IYH,0.08333333333333334,DEAL,LUNAS,PP,0.017580872011251757,0.029535864978902954,0.0,0.005549626467449306
2023-11-17,DPR,0.12820512820512822,DEAL,LUNAS,PP,0.017580872011251757,0.029535864978902954,0.0,0.008537886872998933
2023-11-18,SVa,0.1826923076923077,DEAL,LUNAS,Drop,0.016877637130801686,0.028832630098452883,0.0,0.012166488794023479
2023-11-18,BFr,0.20833333333333334,DEAL,LUNAS,PP,0.016877637130801686,0.028832630098452883,0.0,0.013874066168623266
2023-11-18,TI7,0.125,DEAL,LUNAS,PP,0.016877637130801686,0.028832630098452883,0.012987012987012988,0.016648879402347917
2023-11-18,IBa,0.08653846153846154,DEAL,LUNAS,PP,0.016877637130801686,0.028832630098452883,0.0,0.00576307363927428
2023-11-20,SSI,0.3141025641025641,DEAL,LUNAS,PP,0.015471167369901548,0.027426160337552744,0.0,0.020917822838847386
2023-11-20,IVy,0.10897435897435898,DEAL,LUNAS,PP,0.015471167369901548,0.027426160337552744,0.0,0.007257203842049093
2023-11-21,TAn,0.14423076923076925,DEAL,LUNAS,PP,0.014767932489451477,0.026722925457102673,0.012987012987012988,0.0192102454642476
2023-11-22,BBr,0.20192307692307693,DEAL,LUNAS,PP,0.014064697609001406,0.026019690576652602,0.03896103896103896,0.05378868729989328
2023-11-27,TKA,0.11538461538461539,DEAL,LUNAS,PP,0.010548523206751054,0.02250351617440225,0.0,0.00768409818569904
2023-11-28,IPH,0.4198076923076923,DEAL,LUNAS,PP,0.009845288326300983,0.02180028129395218,0.0,0.027957310565635007
2023-12-02,SNe,0.3525641025641026,DEAL,LUNAS,PP,0.007032348804500703,0.0189873417721519,0.0,0.023479188900747065
2023-12-11,BGs,0.05448717948717949,DEAL,LUNAS,PP-6Jam,0.0007032348804500693,0.012658227848101266,0.025974025974025972,0.009391675560298825
2023-12-12,LAr,0.15705128205128205,DEAL,LUNAS,Drop,0.0,0.011954992967651196,0.012987012987012988,0.020917822838847386
